BookID,BookName,PageName,IDAnnot,LemmaTranscription,DefinitionTranscription
b_5553899179,3.EBE1082,EBE1082_049_30r,1,αὐθήμερον,πάραυτα
b_5553899179,3.EBE1082,EBE1082_049_30r,10,αὐλός,τὸ φωνιτικ(ὸν) ὄργαν(ον)$
b_5553899179,3.EBE1082,EBE1082_049_30r,11,αὐλονίζει,ἐν αὐλῶνι διάγειν
b_5553899179,3.EBE1082,EBE1082_049_30r,12,αὐλῶνες,φάραγγες
b_5553899179,3.EBE1082,EBE1082_049_30r,13,αὔξη,αὔξησις
b_5553899179,3.EBE1082,EBE1082_049_30r,14,αὔρα,πνοὴ λεπτή
b_5553899179,3.EBE1082,EBE1082_049_30r,15,αὐροί,λαγωοί
b_5553899179,3.EBE1082,EBE1082_049_30r,16,αὐός,ξηρός
b_5553899179,3.EBE1082,EBE1082_049_30r,17,αὔσας,φωνήσας
b_5553899179,3.EBE1082,EBE1082_049_30r,18,αὐσίς,ὁ κατ’ ἐνιαυτόν
b_5553899179,3.EBE1082,EBE1082_049_30r,19,αὐτάρ,ἐπεὶ δέ| ἔπειτα
b_5553899179,3.EBE1082,EBE1082_049_30r,2,αὐθωρίτως,συντόμως
b_5553899179,3.EBE1082,EBE1082_049_30r,20,αὐτάρκης,ἱκανῶς ἐξαρκῶν
b_5553899179,3.EBE1082,EBE1082_049_30r,21,αὐτεξούσιος,αὐτοδέσποτος
b_5553899179,3.EBE1082,EBE1082_049_30r,22,αὐτεπάγγελτο(ς),αὐτόκλητος
b_5553899179,3.EBE1082,EBE1082_049_30r,23,αὐτήμαρ,αὐτῆ τῆ ἡμέρα
b_5553899179,3.EBE1082,EBE1082_049_30r,24,αὐτίκα,παραχρῆμα
b_5553899179,3.EBE1082,EBE1082_049_30r,25,αὐτοτελής,τέλειος
b_5553899179,3.EBE1082,EBE1082_049_30r,26,αὐτοῖσιν,αὐτοῖς
b_5553899179,3.EBE1082,EBE1082_049_30r,27,αυτόπται,θεἀταί
b_5553899179,3.EBE1082,EBE1082_049_30r,3,αὐϊάχ,ἄνευ φωνῆς
b_5553899179,3.EBE1082,EBE1082_049_30r,4,αὐλαία,τὸ τῆς σκηνῆς| παραπέτασμα
b_5553899179,3.EBE1082,EBE1082_049_30r,5,αὔλαξ,ὁ ἐπιμήκ(ης) τὸμὴ| τ(ὴς) γ(ὴς) ἐξ ἀρότρου
b_5553899179,3.EBE1082,EBE1082_049_30r,6,αὐλία,θύρα| πυλῶν
b_5553899179,3.EBE1082,EBE1082_049_30r,7,αὐλίκουρες,φύλακες
b_5553899179,3.EBE1082,EBE1082_049_30r,8,αὐλίζεται,κοιμᾶται
b_5553899179,3.EBE1082,EBE1082_049_30r,9,αὐλιξ,βλέψ
b_5553899179,3.EBE1082,EBE1082_050_30v,1,αὐτουργός,ὁ δι’ ἑαυτοῦ εργαζόμ(εν)ο(ς)
b_5553899179,3.EBE1082,EBE1082_050_30v,10,αυτονυχί,αὐτῆ τῆ νυκτί
b_5553899179,3.EBE1082,EBE1082_050_30v,11,αὐτοπρέμν(ον),αὐτόριζον
b_5553899179,3.EBE1082,EBE1082_050_30v,12,αὐτόγυον,μέρος ἀρότρου
b_5553899179,3.EBE1082,EBE1082_050_30v,13,αὐτοφυέστατ(ον)!,μὴ ἐπίπλαστ(ον) ἔχο(ν) κάλλο(ς)$
b_5553899179,3.EBE1082,EBE1082_050_30v,14,αὐτοματίζουσιν,αὐτόματοι παραγίνοντ(αι)
b_5553899179,3.EBE1082,EBE1082_050_30v,15,αὐτοσχεδόν,σύνεγγυς| αὐτίκα
b_5553899179,3.EBE1082,EBE1082_050_30v,16,αὕτως,ὁμοί(ως)| ματαίως
b_5553899179,3.EBE1082,EBE1082_050_30v,17,αὔχημα,καύχημα
b_5553899179,3.EBE1082,EBE1082_050_30v,18,αὐχήματα,σεμνολογήματα
b_5553899179,3.EBE1082,EBE1082_050_30v,19,αὐχήν,τράχηλος
b_5553899179,3.EBE1082,EBE1082_050_30v,2,αὐτόχειρες,οἱ τι ἰδία χειρὶ φονεύοντ(ες) τιν(άς)
b_5553899179,3.EBE1082,EBE1082_050_30v,20,αὐχμός,ξηρασία
b_5553899179,3.EBE1082,EBE1082_050_30v,21,αὐχοῦντ(ες),καυχώμεθα
b_5553899179,3.EBE1082,EBE1082_050_30v,22,αὐχμῶντ(ες),ῥυπῶντες
b_5553899179,3.EBE1082,EBE1082_050_30v,23,αὐχμηρός,σκοτεινός
b_5553899179,3.EBE1082,EBE1082_050_30v,24,αὔχνη,τρίχωσις
b_5553899179,3.EBE1082,EBE1082_050_30v,25,αὐχῶν,ἐπαιρόμενος
b_5553899179,3.EBE1082,EBE1082_050_30v,26,αὐχέω,εὔχομαι
b_5553899179,3.EBE1082,EBE1082_050_30v,3,αὐτόνομος,αὐθαίρετος
b_5553899179,3.EBE1082,EBE1082_050_30v,4,αὐτομόλως,προδοτικῶς
b_5553899179,3.EBE1082,EBE1082_050_30v,5,αὐτόστοιχος,αὐτὸς| ἑαυτὸν προσέχ(ων)$
b_5553899179,3.EBE1082,EBE1082_050_30v,6,αὐτοφόρβος,ὁ αὐτοφάγος
b_5553899179,3.EBE1082,EBE1082_050_30v,7,αὐτοκαύδαλος,ναὺς| ἢ σκάφος
b_5553899179,3.EBE1082,EBE1082_050_30v,8,αὐτοβοή,παραχρῆμα| αὐθήμερ(ον)
b_5553899179,3.EBE1082,EBE1082_050_30v,9,αὐτοκράτωρ,κοσμοκράτωρ
b_5553899179,3.EBE1082,EBE1082_050_31r,1,ἀφαγνίσαι,καθιερῶσαι
b_5553899179,3.EBE1082,EBE1082_050_31r,10,ἀφάπτειν,προσκολλᾶν
b_5553899179,3.EBE1082,EBE1082_050_31r,11,ἄφαρ,εὐθέως
b_5553899179,3.EBE1082,EBE1082_050_31r,12,ἀφαίρεμαι,ἀνάθημα δῶρον
b_5553899179,3.EBE1082,EBE1082_050_31r,13,ἀφαιρεῖται,ἀποσπᾶ
b_5553899179,3.EBE1082,EBE1082_050_31r,14,ἁφαῖς,πληγαῖς
b_5553899179,3.EBE1082,EBE1082_050_31r,15,ἄφετος,ἀπολελυμ(έν)ο(ς)
b_5553899179,3.EBE1082,EBE1082_050_31r,16,ἄφενος,ὁ πλοῦτος
b_5553899179,3.EBE1082,EBE1082_050_31r,17,ἀφελής,εὔκολος
b_5553899179,3.EBE1082,EBE1082_050_31r,18,ἀφελχθείη,κωλυθείη
b_5553899179,3.EBE1082,EBE1082_050_31r,19,ἀφέμενος,ἐάσας| ἐλευθερία
b_5553899179,3.EBE1082,EBE1082_050_31r,2,ἀφαυροτέροις,ἀσθενεστέροις
b_5553899179,3.EBE1082,EBE1082_050_31r,20,ἄφεσις,ἀπόλυσις
b_5553899179,3.EBE1082,EBE1082_050_31r,21,ἀφειδήσας,μὴ φεισάμενος
b_5553899179,3.EBE1082,EBE1082_050_31r,22,ἀφείλαντο,ὑπεστέρησαν
b_5553899179,3.EBE1082,EBE1082_050_31r,23,ἀφειμένος,πόρρω καθήμ(εν)ο(ς)$
b_5553899179,3.EBE1082,EBE1082_050_31r,24,ἀφή,ψηλάφησις| ἢ χείρ
b_5553899179,3.EBE1082,EBE1082_050_31r,25,ἀφηγῆ,ἄεχεις
b_5553899179,3.EBE1082,EBE1082_050_31r,26,ἀφετηρία,ἀρχίθυρα τοῦ ἱπποδρόμου
b_5553899179,3.EBE1082,EBE1082_050_31r,27,ἀφηβηκότι,"! γηράσαντι| ὑπὲρ βε
[[ἀ]]βηκότι| τ(ὴν) ἤβην| ἥγ(ουν) τ(ὴν) νεότηταν"
b_5553899179,3.EBE1082,EBE1082_050_31r,3,ἀφάρτεροι,ταχύτεροι
b_5553899179,3.EBE1082,EBE1082_050_31r,4,ἀφάδειος,ὁ μὴ ἀρέσκων
b_5553899179,3.EBE1082,EBE1082_050_31r,5,ἀφάροτος,ἡ αροτρίαστος γῆ
b_5553899179,3.EBE1082,EBE1082_050_31r,6,ἄφαντο,ἥλεκτον
b_5553899179,3.EBE1082,EBE1082_050_31r,7,ἄφαντον φῶς,τὸ ἐκ πυρίτου λίθου
b_5553899179,3.EBE1082,EBE1082_050_31r,8,ἀφανές,σκοτεινόν
b_5553899179,3.EBE1082,EBE1082_050_31r,9,ἀφάσσειν,ψηλαφᾶν
b_5553899179,3.EBE1082,EBE1082_051_31v,1,ἀφηνϊᾶσαι,ἀπτὸ σκιρτῆσαι
b_5553899179,3.EBE1082,EBE1082_051_31v,10,ἄφθιτον,ἄφθαρτον| ἄγηρον
b_5553899179,3.EBE1082,EBE1082_051_31v,11,ἄφθογγος,ἄφωνος
b_5553899179,3.EBE1082,EBE1082_051_31v,12,ἄφθοδος,ἀναχώρησις
b_5553899179,3.EBE1082,EBE1082_051_31v,13,ἀφοσίωσις,θυσία| καθιέρωσις
b_5553899179,3.EBE1082,EBE1082_051_31v,14,ἀφόρητον,ἀβάστακτον| δεινόν
b_5553899179,3.EBE1082,EBE1082_051_31v,15,ἀφορῶντ(ες),ἀποβλέποντες
b_5553899179,3.EBE1082,EBE1082_051_31v,16,ἀφορμὴ,πρόφασις| αἰτία
b_5553899179,3.EBE1082,EBE1082_051_31v,17,ἀφροσύνη,ἄγνοια| μωρία
b_5553899179,3.EBE1082,EBE1082_051_31v,18,ἀφρήτωρ,! ὁ μὴ συγγένει(αν) ἔχω(ν)
b_5553899179,3.EBE1082,EBE1082_051_31v,19,ἀφοβία,"ἔξις| καθ’ ἣν ἀνέκπτω
τοι| ἐσμὲν πρὸς φόβον"
b_5553899179,3.EBE1082,EBE1082_051_31v,2,ἀφηγεῖσθαι,διηγεῖσθαι
b_5553899179,3.EBE1082,EBE1082_051_31v,20,ἀφορία,βλάβη τ(ῶν) καρπ(ῶν) τ(ῆς) γ(ῆς)
b_5553899179,3.EBE1082,EBE1082_051_31v,21,ἀφροντιστεῖ,ἀμεριμνεῖ
b_5553899179,3.EBE1082,EBE1082_051_31v,22,ἀφραδέως,ἀδιανοήτως
b_5553899179,3.EBE1082,EBE1082_051_31v,23,ἄφραστον,ἀνεκδιήγητον
b_5553899179,3.EBE1082,EBE1082_051_31v,24,ἀφύγγετον,σύνεφον
b_5553899179,3.EBE1082,EBE1082_051_31v,25,ἀφυής,δυσχερής| ἀμαθής
b_5553899179,3.EBE1082,EBE1082_051_31v,3,ἀφιλότιμος,ταπεινός
b_5553899179,3.EBE1082,EBE1082_051_31v,4,ἀφίληκες,"οἱ τὴν μὲν ἤβην ὑπερ
 ἀναβάντες| ἤττους δὲ| ὥντα| καὶ ἐ
 ἑνιαυτὸν| ὧν προΐστασθαι οἱ κουράτορ(ες)"
b_5553899179,3.EBE1082,EBE1082_051_31v,5,ἄφιξις,! ἔλευσις| παρουσία
b_5553899179,3.EBE1082,EBE1082_051_31v,6,ἀφίκεσται,παραγίνεται
b_5553899179,3.EBE1082,EBE1082_051_31v,7,ἀφιέρωσεν,ἀνέθηκε τῶ θ(ε)ῶ
b_5553899179,3.EBE1082,EBE1082_051_31v,8,ἀφίδρυσμα,ἱερόν
b_5553899179,3.EBE1082,EBE1082_051_31v,9,ἀφιλοικτίρμω(ν),ἀνελεήμων
b_5553899179,3.EBE1082,EBE1082_051_32r,1,ἄφυκτον,ὃ οὐκ ἔστιν ἐκφυγ(εῖν)
b_5553899179,3.EBE1082,EBE1082_051_32r,10,ἀχέρων,ὁ ἐν ἅδη ποταμός
b_5553899179,3.EBE1082,EBE1082_051_32r,11,ἀχέων,δυσφορῶν
b_5553899179,3.EBE1082,EBE1082_051_32r,12,ἀχηνία,ἀπορία| πενία
b_5553899179,3.EBE1082,EBE1082_051_32r,13,ἀχθηδών,βάρος
b_5553899179,3.EBE1082,EBE1082_051_32r,14,ἄχθομαι,βαροῦμαι
b_5553899179,3.EBE1082,EBE1082_051_32r,15,ἀχθοφοροῦντ(ας),βαστάζοντας
b_5553899179,3.EBE1082,EBE1082_051_32r,16,ἀχλύς,ὁμίχλη| σκοτία
b_5553899179,3.EBE1082,EBE1082_051_32r,17,ἄχνους,ἀγένειος
b_5553899179,3.EBE1082,EBE1082_051_32r,18,ἀχνύμ(εν)ο(ς)!,τυπούμ(εν)ο(ς)$
b_5553899179,3.EBE1082,EBE1082_051_32r,19,ἀχνεύειν,ἄρχειν| προηγεῖσθαι
b_5553899179,3.EBE1082,EBE1082_051_32r,2,ἀφύσγετον,τὸ ἰλὼδες| κ(αὶ) συρφετόν
b_5553899179,3.EBE1082,EBE1082_051_32r,20,ἄχος,λύπη
b_5553899179,3.EBE1082,EBE1082_051_32r,21,ἄχραντον,καθαρ(ὸν)| ἀμίαντον
b_5553899179,3.EBE1082,EBE1082_051_32r,23,ἀχρεῖος,ἄχρηστος| ὁ ἔσχατο(ς)
b_5553899179,3.EBE1082,EBE1082_051_32r,24,ἀχρίνη,βαθυτάτη
b_5553899179,3.EBE1082,EBE1082_051_32r,25,ἄχρον(ον) φῶς,ὁ χ(ριστό)ς
b_5553899179,3.EBE1082,EBE1082_051_32r,26,ἄχρωμον,ἀναιδές
b_5553899179,3.EBE1082,EBE1082_051_32r,27,ἀχώρ,τὸ πιτυρώδες τ(ῆς) κεφαλ(ῆς)
b_5553899179,3.EBE1082,EBE1082_051_32r,3,ἀφύκτοις,ἀναποδράστης
b_5553899179,3.EBE1082,EBE1082_051_32r,4,ἀχανής,ἄφωνο(ς)| μὴ κεχηνῶς
b_5553899179,3.EBE1082,EBE1082_051_32r,5,ἀχάνη,μέτρον περσικόν
b_5553899179,3.EBE1082,EBE1082_051_32r,6,ἀχανῆ,ἀνανοίκτω| ἀφθεγγῆ
b_5553899179,3.EBE1082,EBE1082_051_32r,7,ἀχεής,γϋνή
b_5553899179,3.EBE1082,EBE1082_051_32r,8,ἀχάτης,λίθος αγχῶν| τὸν μαργαρίτην
b_5553899179,3.EBE1082,EBE1082_051_32r,9,ἀχερούσια,ὕδατα
b_5553899179,3.EBE1082,EBE1082_052_32v,1,ἀχώρος,ὡς ἰχωρος τοῦ σεσηπότο(ς) αἵματο(ς)
b_5553899179,3.EBE1082,EBE1082_052_32v,10,ἄψορρος,ὁπισθόρμητο(ς)| τάχυρρο(ς)
b_5553899179,3.EBE1082,EBE1082_052_32v,11,ἀψοφητί,ἡρέμα| ἡσύχως
b_5553899179,3.EBE1082,EBE1082_052_32v,12,ἄωρος,ὁ παρακαιρ(ὸν) ἀρπασθείς
b_5553899179,3.EBE1082,EBE1082_052_32v,13,ἄωρον,ἀπρεπές| ἀχαρές
b_5553899179,3.EBE1082,EBE1082_052_32v,14,ἀωρία,σκοτία| μεσονύκτιο(ν)
b_5553899179,3.EBE1082,EBE1082_052_32v,15,ἀωρόλιθος,ὁ φαλακρός
b_5553899179,3.EBE1082,EBE1082_052_32v,16,ἀώρτο,ἤρτητο| ἐκρέμματο
b_5553899179,3.EBE1082,EBE1082_052_32v,17,ἀωτεύειν,ὑφαίνειν
b_5553899179,3.EBE1082,EBE1082_052_32v,18,ἄωτος,ὁ μὴ ἔχων ὦτα
b_5553899179,3.EBE1082,EBE1082_052_32v,19,ἄωρες,αἱ γυναῖκες
b_5553899179,3.EBE1082,EBE1082_052_32v,2,ἀψάλακτος,ἀπαθής
b_5553899179,3.EBE1082,EBE1082_052_32v,20,ἆω,τὸ ἀλογῶ
b_5553899179,3.EBE1082,EBE1082_052_32v,21,ἀωρῶ,παρακαιρόν
b_5553899179,3.EBE1082,EBE1082_052_32v,22,βαβαὶ,θαυμαστικῆ φωνῆ
b_5553899179,3.EBE1082,EBE1082_052_32v,23,βαάξ,μαλακός
b_5553899179,3.EBE1082,EBE1082_052_32v,24,βάβαξ,λάλος| φλύαρος
b_5553899179,3.EBE1082,EBE1082_052_32v,3,ἄψαυστον,ἀπροσπέλαστο(ν)
b_5553899179,3.EBE1082,EBE1082_052_32v,4,ἄψαπιών,ἀποστρέφων| εἰς τοῦ πίσω
b_5553899179,3.EBE1082,EBE1082_052_32v,5,αψεύδεια,ἡ ἀλήθεια
b_5553899179,3.EBE1082,EBE1082_052_32v,6,ἀψίς,καμάρα
b_5553899179,3.EBE1082,EBE1082_052_32v,7,ἀψακεῖν,ἀποτυχεῖν
b_5553899179,3.EBE1082,EBE1082_052_32v,8,ἄψαι,προσεγγίσαι
b_5553899179,3.EBE1082,EBE1082_052_32v,9,ἄψητος,ἀνυπόστακτος
b_5553899179,3.EBE1082,EBE1082_052_33r,1,βαβύς,βόρβορος| πηλός
b_5553899179,3.EBE1082,EBE1082_052_33r,10,βαδίζω,βαίνω| πορεύομαι
b_5553899179,3.EBE1082,EBE1082_052_33r,11,βαδιῶ,περιπατήσω
b_5553899179,3.EBE1082,EBE1082_052_33r,12,βάδδομαι,ἀγαπῶ
b_5553899179,3.EBE1082,EBE1082_052_33r,13,βαδύς,ἡδύς
b_5553899179,3.EBE1082,EBE1082_052_33r,14,βάζει,λέγει
b_5553899179,3.EBE1082,EBE1082_052_33r,15,βάθρον,θεμέλιον
b_5553899179,3.EBE1082,EBE1082_052_33r,16,βαθυπήνης,βαθυπώγων
b_5553899179,3.EBE1082,EBE1082_052_33r,17,βαιόν,ὁλίγον
b_5553899179,3.EBE1082,EBE1082_052_33r,18,βαιθήλ,θεῖος ναός| ἢ τόπο(ς)
b_5553899179,3.EBE1082,EBE1082_052_33r,19,βαιθάλη,οἶκος θ(εο)ῦ
b_5553899179,3.EBE1082,EBE1082_052_33r,2,βάβυκα,γέφυρα
b_5553899179,3.EBE1082,EBE1082_052_33r,20,βαίεπσα,βότρυς
b_5553899179,3.EBE1082,EBE1082_052_33r,21,βάκχη,μαινάς| πόρνη
b_5553899179,3.EBE1082,EBE1082_052_33r,22,βακχευθεῖσα,ἐξεστηκυῖα
b_5553899179,3.EBE1082,EBE1082_052_33r,23,βακχεύοντ(ες),μαινόμενοι
b_5553899179,3.EBE1082,EBE1082_052_33r,24,βάκυλος,ῥόπαλος| βακτηρία
b_5553899179,3.EBE1082,EBE1082_052_33r,25,βάκτρον,δρέπανον
b_5553899179,3.EBE1082,EBE1082_052_33r,26,βακαίουσιν,ἀγνοοῦσι
b_5553899179,3.EBE1082,EBE1082_052_33r,27,βάλακες,δεσμωτήριος
b_5553899179,3.EBE1082,EBE1082_052_33r,28,βακχεύοντες,μαινόμ(εν)οι| ὀρχούμ(εν)οι| κ(αὶ) πᾶν παίγνιον
b_5553899179,3.EBE1082,EBE1082_052_33r,29,βακχευθῆναι,ἐξηχευομ(έν)η| ἐξεστηκυῖα
b_5553899179,3.EBE1082,EBE1082_052_33r,3,βαβάκτης,ὀρχιστής| λάλος
b_5553899179,3.EBE1082,EBE1082_052_33r,4,βάαλ,τυρίων ἦν θεός
b_5553899179,3.EBE1082,EBE1082_052_33r,5,βαβυλών,σύγχυσις
b_5553899179,3.EBE1082,EBE1082_052_33r,6,βαβῶ! τιθηνή,δήμοτρος
b_5553899179,3.EBE1082,EBE1082_052_33r,7,βάγιον,μέγα
b_5553899179,3.EBE1082,EBE1082_052_33r,8,βαγεύει,πλανητεύει
b_5553899179,3.EBE1082,EBE1082_052_33r,9,βαδδίν,στολὴ ἱερά
b_5553899179,3.EBE1082,EBE1082_053_33v,1,βαλαντιοτόμος,κλέπτης
b_5553899179,3.EBE1082,EBE1082_053_33v,10,βαλμός,στῆθος
b_5553899179,3.EBE1082,EBE1082_053_33v,11,βάλλεν,ἔβαλας| ἔτρωσ(ας)
b_5553899179,3.EBE1082,EBE1082_053_33v,12,βαμβαίνει,διστάζει
b_5553899179,3.EBE1082,EBE1082_053_33v,13,βαμβάκτης,ὁδὸς| στράτα
b_5553899179,3.EBE1082,EBE1082_053_33v,14,βάμβλα,ἱμάτια
b_5553899179,3.EBE1082,EBE1082_053_33v,15,βαμβλίζειν,ῥηγοῦν σφόδρα
b_5553899179,3.EBE1082,EBE1082_053_33v,16,βάναυσος,"πὰς τεχνίτης δια
 χειρ(ῶν) μοχθ(ῶν)| δια πυρό(ς)| βάνο(ς)| ἢ κάμινος"
b_5553899179,3.EBE1082,EBE1082_053_33v,17,βαναυσία,ἰδιωτεία| ἀλογία
b_5553899179,3.EBE1082,EBE1082_053_33v,18,βάντες,πορευθέντες
b_5553899179,3.EBE1082,EBE1082_053_33v,19,βάξις,λέξις| φωνῆ| φήμη
b_5553899179,3.EBE1082,EBE1082_053_33v,2,βάκηλος,"μέγας μὲν| ἀνόητος δὲ κ(αὶ)
 γυναικώδης| χωρὶς αἰδοίων"
b_5553899179,3.EBE1082,EBE1082_053_33v,20,βάραθρον,ὄρυγμα| βάθος
b_5553899179,3.EBE1082,EBE1082_053_33v,21,βάραμηνής,μνησίκακος
b_5553899179,3.EBE1082,EBE1082_053_33v,22,βαρβαρισμό,παρατόν(ον) διάλεκτο(ς) σεσολοισκιμ(έν)η
b_5553899179,3.EBE1082,EBE1082_053_33v,23,βάρδιστος,βραδύστατος
b_5553899179,3.EBE1082,EBE1082_053_33v,24,βάρβιτος,κιθάρα| ἢ ψαλτήρι(ον)
b_5553899179,3.EBE1082,EBE1082_053_33v,3,βακάντιμος,"σχολαστὴς μὴ παρα
 μένων τῶ πράγματι αὐτοῦ"
b_5553899179,3.EBE1082,EBE1082_053_33v,4,βαλανεύς,περίεργος
b_5553899179,3.EBE1082,EBE1082_053_33v,5,βαλαΐδες,τὰ κάγγελα
b_5553899179,3.EBE1082,EBE1082_053_33v,6,βάλος,ὁδὸς ὑψηλή
b_5553899179,3.EBE1082,EBE1082_053_33v,7,βαλανεύσαι,διακονῆσαι
b_5553899179,3.EBE1082,EBE1082_053_33v,8,βάλιον,ποικίλον
b_5553899179,3.EBE1082,EBE1082_053_33v,9,βαλάντιον,μάρσεππος
b_5553899179,3.EBE1082,EBE1082_053_34r,1,βαργάθωμος,υἱὸς λύπης| ἑβραϊστί
b_5553899179,3.EBE1082,EBE1082_053_34r,10,βαρύτιμος,πολύτιμος
b_5553899179,3.EBE1082,EBE1082_053_34r,11,βραχύς,μικρὸς| ὁλίγος
b_5553899179,3.EBE1082,EBE1082_053_34r,12,βραβεῖον,ἐπινίκι(ον)| ἀμοιβή| ἔπαθλ(ον)
b_5553899179,3.EBE1082,EBE1082_053_34r,13,βάσανος,δοκιμασία
b_5553899179,3.EBE1082,EBE1082_053_34r,14,βασᾶν,αἰσχύνη
b_5553899179,3.EBE1082,EBE1082_053_34r,15,βάσις,στήριγμα
b_5553899179,3.EBE1082,EBE1082_053_34r,16,βασιλῆος,βασιλέως
b_5553899179,3.EBE1082,EBE1082_053_34r,17,βασιλίς,ἡ τοῦ βασιλέ(ως) γυνή
b_5553899179,3.EBE1082,EBE1082_053_34r,18,βασιλεῖ οὐ(ρα)νῶ,"ἁπάντων τῶν ὑ
 πὸ θ(εο)ῦ| γεγονότων γνώσις"
b_5553899179,3.EBE1082,EBE1082_053_34r,19,βασιλεία οὐ(ρα)νῶν,"ἀπάθεια ψυχ(ῆς) μετα
 γνώσεως τ(ῶν) ὄντων ἀληθ(οὺς)| ἡ ἐλλαμψις τ(ο)ῦ ἁγ(ίου) πν(εύματο)ς"
b_5553899179,3.EBE1082,EBE1082_053_34r,2,βαρδίσαγνος,ὁ τὰς γυναῖκας βιαζόμ(εν)ο(ς)
b_5553899179,3.EBE1082,EBE1082_053_34r,20,βασιλεία θ(εο)ῦ,"ἡ τ(ῆς) ἁγί(ας) τριάδος γνώσις|
 καὶ ἡ τοῦ ἁγίου πν(εύματο)ς συμμαχία"
b_5553899179,3.EBE1082,EBE1082_053_34r,21,βασίλει(ον) ἱεράτευμ(α),τ(οὺς) ὀρθοδόξους ἱερ(εῖς) λέγ(ει)
b_5553899179,3.EBE1082,EBE1082_053_34r,22,βασιλεία,ἡ ἀρχὴ καὶ ἔννομος ἐπιστασία
b_5553899179,3.EBE1082,EBE1082_053_34r,23,βάσκανος,φθονερός
b_5553899179,3.EBE1082,EBE1082_053_34r,24,βάσκηθι,πορεύου| ὕπαγε
b_5553899179,3.EBE1082,EBE1082_053_34r,3,βάρεις,τὰ πλοῖα| οἱ πύργοι
b_5553899179,3.EBE1082,EBE1082_053_34r,4,βαρεί(ας) χεῖρ(ας,ὑβριστικὰς| φονικάς
b_5553899179,3.EBE1082,EBE1082_053_34r,5,βάρειον,πρόβατον
b_5553899179,3.EBE1082,EBE1082_053_34r,6,βαρυθυμεῖ,λυπεῖται
b_5553899179,3.EBE1082,EBE1082_053_34r,7,βάρος,δυσβάστακτον
b_5553899179,3.EBE1082,EBE1082_053_34r,8,βαρύπιμος,ἄθλιος
b_5553899179,3.EBE1082,EBE1082_053_34r,9,βαρυκάρδιος,ἀσύνετος
b_5553899179,3.EBE1082,EBE1082_054_34v,1,βατόν,βάσιμ(ον)| ἐν ὧ τίς ἐπιβαίν(ειν) δύνατ(αι)
b_5553899179,3.EBE1082,EBE1082_054_34v,10,βαυΐζει,ὑλακτεῖ
b_5553899179,3.EBE1082,EBE1082_054_34v,11,βαφεύς,δευσοποιός
b_5553899179,3.EBE1082,EBE1082_054_34v,12,βδελλυρός,μϊσητός
b_5553899179,3.EBE1082,EBE1082_054_34v,13,βδελυγμία,δυσοσμία
b_5553899179,3.EBE1082,EBE1082_054_34v,14,βδελύττεσθαι,μϊσάττεσθαι
b_5553899179,3.EBE1082,EBE1082_054_34v,15,βδελυρῶς,μϊσητῶς| ἀκολάστως
b_5553899179,3.EBE1082,EBE1082_054_34v,16,βδέλλεται,ἀμέλγει
b_5553899179,3.EBE1082,EBE1082_054_34v,17,βδύλλει,φοβεῖται| τρέμει
b_5553899179,3.EBE1082,EBE1082_054_34v,18,βέβηλος,μυσερός| ἀκάθαρτος
b_5553899179,3.EBE1082,EBE1082_054_34v,19,βεβαίαν,ἀσφαλῆ| ἀμετάβλητ(ον)
b_5553899179,3.EBE1082,EBE1082_054_34v,2,βατταρισμοί,φλυαρίαι
b_5553899179,3.EBE1082,EBE1082_054_34v,20,βέβηκεν,ἔστηκεν| ἐπέπικτο
b_5553899179,3.EBE1082,EBE1082_054_34v,21,βεβηκώς,άσφαλὲς ἑστῶς
b_5553899179,3.EBE1082,EBE1082_054_34v,22,βεβυσμέν(ως),πεφραγμένως
b_5553899179,3.EBE1082,EBE1082_054_34v,23,βεβώς,ἀναβεβηκώς
b_5553899179,3.EBE1082,EBE1082_054_34v,24,βεβόηκ(εν),ἐπορεύθη
b_5553899179,3.EBE1082,EBE1082_054_34v,25,βεβίωκα,ἔζησα
b_5553899179,3.EBE1082,EBE1082_054_34v,3,βαταλίζεσθαι,μαλακ(ῶς) κ(αὶ) αἰσχρῶ(ς) διάγειν
b_5553899179,3.EBE1082,EBE1082_054_34v,4,βαττολογία,ἡ πολυλογία
b_5553899179,3.EBE1082,EBE1082_054_34v,5,βαττόλαλος,φλύαρος
b_5553899179,3.EBE1082,EBE1082_054_34v,6,βαύνος,ἡ κάμινο(ς)| φοῦρνος
b_5553899179,3.EBE1082,EBE1082_054_34v,7,βαυμήνης,μνησίκακος
b_5553899179,3.EBE1082,EBE1082_054_34v,8,βαυθές,μωρός
b_5553899179,3.EBE1082,EBE1082_054_34v,9,βαυθές,μασθός
b_5553899179,3.EBE1082,EBE1082_054_35r,1,βέβιξ,τροχός
b_5553899179,3.EBE1082,EBE1082_054_35r,10,βέλτερον,κρεῖσσον| βέλτιον
b_5553899179,3.EBE1082,EBE1082_054_35r,11,βελίαρ,σατᾶν| βέμβιξ| βροχός
b_5553899179,3.EBE1082,EBE1082_054_35r,12,βεμβικίζεται,παρακρούεται
b_5553899179,3.EBE1082,EBE1082_054_35r,13,βεμβράς,εἶδος ἰχθῦος
b_5553899179,3.EBE1082,EBE1082_054_35r,14,βενιαμήν,δεξιὰς υἱός
b_5553899179,3.EBE1082,EBE1082_054_35r,15,βέομαι,χρήζω| βιώσομαι
b_5553899179,3.EBE1082,EBE1082_054_35r,16,βέρεθρον,βάθος
b_5553899179,3.EBE1082,EBE1082_054_35r,17,βερέχεσθαι,οἱ ἀνόητοι
b_5553899179,3.EBE1082,EBE1082_054_35r,18,βέχειρ,ἔθνος| σκυθικόν
b_5553899179,3.EBE1082,EBE1082_054_35r,19,βηθλεεμίτης,ἀπὸ βηθλεέμ
b_5553899179,3.EBE1082,EBE1082_054_35r,2,βέβυστο,ἐπεπλήρωτο
b_5553899179,3.EBE1082,EBE1082_054_35r,20,βηθῦλος,εἶδος ὀρνέου
b_5553899179,3.EBE1082,EBE1082_054_35r,21,βῆλος,ὁ τῆς θύρας βαθμός
b_5553899179,3.EBE1082,EBE1082_054_35r,22,βἠλω,βατήρι| ὁδῶ
b_5553899179,3.EBE1082,EBE1082_054_35r,23,βῆμα,ἴχνος| βάδισμα
b_5553899179,3.EBE1082,EBE1082_054_35r,24,βῆμα,ὁ λίθος τοῦ δικαστηρίου
b_5553899179,3.EBE1082,EBE1082_054_35r,25,βῆμα,ὁ λίθος τοῦ δικαστηρίου
b_5553899179,3.EBE1082,EBE1082_054_35r,26,βηνός,κιβωτός
b_5553899179,3.EBE1082,EBE1082_054_35r,27,βήξ,ὁ περὶ τὴν φάρυγγα νόσο
b_5553899179,3.EBE1082,EBE1082_054_35r,3,βέβιον,βεβρυκία| δώρα
b_5553899179,3.EBE1082,EBE1082_054_35r,4,βέβακεν,ἀπέθανεν
b_5553899179,3.EBE1082,EBE1082_054_35r,5,βέβρυχεν,ἠχεῖ
b_5553899179,3.EBE1082,EBE1082_054_35r,6,βεκκεσέληνε,ἀνοητότατε
b_5553899179,3.EBE1082,EBE1082_054_35r,7,βεελφεγώρ,"<εἴδωλ(ον)> βέελ ὁ κρόνο(ς)| φεγὼρ ὁ τόπο(ς) <ἐ
	ν ὧ ἐτιμᾶτο"
b_5553899179,3.EBE1082,EBE1082_054_35r,8,βέλεμνα,τὰ βέλη
b_5553899179,3.EBE1082,EBE1082_054_35r,9,βέλτιον,κάλλιον
b_5553899179,3.EBE1082,EBE1082_055_35v,1,βὴρ,τὸ φρέαρ παρὰ τοῖς φοίνιξιν
b_5553899179,3.EBE1082,EBE1082_055_35v,10,βικάριος,ὁ διάδοχο(ς) παρα ῥωμαίοις
b_5553899179,3.EBE1082,EBE1082_055_35v,11,βίκος,τὸ ἀγγεῖ(ον) καὶ τὸ σπέρμα
b_5553899179,3.EBE1082,EBE1082_055_35v,12,βιός,τοῦ τὀξου ἡ νευρά
b_5553899179,3.EBE1082,EBE1082_055_35v,13,βίος,ἡ οὐσία τῶν κτησμάτων| καὶ τὸ ζῆν
b_5553899179,3.EBE1082,EBE1082_055_35v,14,βιοτή,ἡ ζωή| κόσμος
b_5553899179,3.EBE1082,EBE1082_055_35v,15,βιαίος,σφοδρῶς
b_5553899179,3.EBE1082,EBE1082_055_35v,16,βιάζει,στάζει
b_5553899179,3.EBE1082,EBE1082_055_35v,17,βίολα,πέδηλα| ὑποδήματα
b_5553899179,3.EBE1082,EBE1082_055_35v,18,βίρρον,ἱμάτιον| ῥωμαϊκόν
b_5553899179,3.EBE1082,EBE1082_055_35v,19,βίσεξτον,ἐπινέμησις| τετραετίαν
b_5553899179,3.EBE1082,EBE1082_055_35v,2,βηρίον,ἔνδυμα μοναχικόν
b_5553899179,3.EBE1082,EBE1082_055_35v,20,βιστάκια,τὰ πιστάκια
b_5553899179,3.EBE1082,EBE1082_055_35v,21,βιώνης,ὁ τα δημόσια ἀγοράζων
b_5553899179,3.EBE1082,EBE1082_055_35v,22,βιώτω,ζησάτω
b_5553899179,3.EBE1082,EBE1082_055_35v,23,βιωσίμως,ἐλπίδα ἔχων τοῦ ζῆσαι
b_5553899179,3.EBE1082,EBE1082_055_35v,24,βλάξ,μωρὸ(ς)| μὴ εἰδὼς τὰ πράγματα διακρί(ναι)
b_5553899179,3.EBE1082,EBE1082_055_35v,25,βλακία,μωρία| ὑπεροψία
b_5553899179,3.EBE1082,EBE1082_055_35v,26,βλακικῶς,ἀντί τοῦ βραδέως
b_5553899179,3.EBE1082,EBE1082_055_35v,27,βλοσυρωπὸς,ὁ ἀγριόφθαλμος
b_5553899179,3.EBE1082,EBE1082_055_35v,3,βήσσεται,πορεύσεται
b_5553899179,3.EBE1082,EBE1082_055_35v,4,βῆ,ἐπορεύθη
b_5553899179,3.EBE1082,EBE1082_055_35v,5,βηβάντα,διαβαίνοντα
b_5553899179,3.EBE1082,EBE1082_055_35v,6,βιβλίον,"ἐπιστολή| καὶ ἡ γνώσις αὐτὴ|
 καὶ ἄληστο(ς) μνύμη"
b_5553899179,3.EBE1082,EBE1082_055_35v,7,βία,η ὁρμή| ἡ ῥύμη
b_5553899179,3.EBE1082,EBE1082_055_35v,8,βίβημϊ,τὸ βαίνω
b_5553899179,3.EBE1082,EBE1082_055_35v,9,βιβήξαντες,ἐμβιβάσαντες
b_5553899179,3.EBE1082,EBE1082_055_36r,1,βλάβως,τὸ ἁμάρτημα
b_5553899179,3.EBE1082,EBE1082_055_36r,10,βληχρά,ἀσθενῆ| ἀδύναμα
b_5553899179,3.EBE1082,EBE1082_055_36r,11,βλιάζει,βαστάζει
b_5553899179,3.EBE1082,EBE1082_055_36r,12,βλίνος,ὁ ἰχθύς
b_5553899179,3.EBE1082,EBE1082_055_36r,13,βλίκαρος,ὁ βάτραχος
b_5553899179,3.EBE1082,EBE1082_055_36r,14,βλίτυρι,ὄργανον μουσικόν
b_5553899179,3.EBE1082,EBE1082_055_36r,15,βλίαρ,φύλλον συκῆς
b_5553899179,3.EBE1082,EBE1082_055_36r,16,βλιμάζων,ἀποστάζων τοῦ μέλιτο(ς)
b_5553899179,3.EBE1082,EBE1082_055_36r,17,βλύζει,ὕδατα βρύει
b_5553899179,3.EBE1082,EBE1082_055_36r,18,βλύδϊον,ὑγρὸν| ζέον
b_5553899179,3.EBE1082,EBE1082_055_36r,19,βλοσυρός,ἄγριος
b_5553899179,3.EBE1082,EBE1082_055_36r,2,βλάσφημο(ς),ὁ εἰς θ(εό)ν ὑβρίζων
b_5553899179,3.EBE1082,EBE1082_055_36r,20,βλωμός,ὁ ψωμός
b_5553899179,3.EBE1082,EBE1082_055_36r,21,βλωθρά,χλωρά| ἀπαλά
b_5553899179,3.EBE1082,EBE1082_055_36r,22,βλωθρή,μακρὰ| μεγάλη
b_5553899179,3.EBE1082,EBE1082_055_36r,23,βλῶσις,παρουσία
b_5553899179,3.EBE1082,EBE1082_055_36r,24,βοαδρόμο(ς),ὁ βοηθός
b_5553899179,3.EBE1082,EBE1082_055_36r,25,βόες,βοΐδια
b_5553899179,3.EBE1082,EBE1082_055_36r,26,βοηθός,ἐπίκουρος
b_5553899179,3.EBE1082,EBE1082_055_36r,27,βοοπόρους,εἶδος μελίσσης
b_5553899179,3.EBE1082,EBE1082_055_36r,3,βλάστημα,γέννημα
b_5553899179,3.EBE1082,EBE1082_055_36r,4,βλαρόν,βλαβερόν
b_5553899179,3.EBE1082,EBE1082_055_36r,5,βλασός,παραλυτικός
b_5553899179,3.EBE1082,EBE1082_055_36r,6,βλαύρια,σκανδάλια
b_5553899179,3.EBE1082,EBE1082_055_36r,7,βλεφαρίδες,αἱ τρίχες τ(ῶν) ὀφθαλμ(ῶν)
b_5553899179,3.EBE1082,EBE1082_055_36r,8,βλέμμυες,ἔθνος βαρβαρικόν
b_5553899179,3.EBE1082,EBE1082_055_36r,9,βλεμεᾶ,γαυριᾶ
b_5553899179,3.EBE1082,EBE1082_056_36v,1,βόμβος,ὁ τ(ῶν) μελισσ(ῶν) ἦχος
b_5553899179,3.EBE1082,EBE1082_056_36v,10,βομβό[..]ον,βύμα| ὑψηλόν
b_5553899179,3.EBE1082,EBE1082_056_36v,11,βωμολόχος,ἀπατεών
b_5553899179,3.EBE1082,EBE1082_056_36v,12,βορβορόπην,κῆπον σημαίνει
b_5553899179,3.EBE1082,EBE1082_056_36v,13,βορβορυγμός,ἦχος τοῦ ὕδατος
b_5553899179,3.EBE1082,EBE1082_056_36v,14,βορρὰς,ἄνεμος ψυχρός
b_5553899179,3.EBE1082,EBE1082_056_36v,15,βορά,ἡ τροφή
b_5553899179,3.EBE1082,EBE1082_056_36v,16,βοανεργές,υἱοὶ βροντῆς
b_5553899179,3.EBE1082,EBE1082_056_36v,17,βορόν,βρωτικ(ὸν) ὀξύτατον
b_5553899179,3.EBE1082,EBE1082_056_36v,18,βόσις,βόσκησις| τροφή
b_5553899179,3.EBE1082,EBE1082_056_36v,19,βοτῆρες,ποιμένες
b_5553899179,3.EBE1082,EBE1082_056_36v,2,βόθυνος,λάκκος
b_5553899179,3.EBE1082,EBE1082_056_36v,20,βοόπης,ὁ μεγαλόφθαλμος
b_5553899179,3.EBE1082,EBE1082_056_36v,21,βόστρυχοι,πλόκαμοι| <τρίχες κλοσμ(έν)αι>
b_5553899179,3.EBE1082,EBE1082_056_36v,22,βόστρυχοι,πλόκαμοι| <τρίχες κλοσμ(έν)αι>
b_5553899179,3.EBE1082,EBE1082_056_36v,23,βοτά,πρόβατα
b_5553899179,3.EBE1082,EBE1082_056_36v,24,βούλιμος,ὁ ἐπιτεταγμ(έν)ο(ς) λιμός
b_5553899179,3.EBE1082,EBE1082_056_36v,25,βουφάγος,πολύφάγος
b_5553899179,3.EBE1082,EBE1082_056_36v,26,βουληφόρος,ἡγεμών
b_5553899179,3.EBE1082,EBE1082_056_36v,27,βουάϊος,ὁ μέγα ἐπὶ τῆ βοή
b_5553899179,3.EBE1082,EBE1082_056_36v,3,βόμβηξ,εἶδος σκώληκος
b_5553899179,3.EBE1082,EBE1082_056_36v,4,βομβαλβιος,αὐλιτὴς| παίζων
b_5553899179,3.EBE1082,EBE1082_056_36v,5,βολίς,ἀκόντιον
b_5553899179,3.EBE1082,EBE1082_056_36v,6,βόλος,ὁ δρόσος| καὶ τὸ δίκτυον
b_5553899179,3.EBE1082,EBE1082_056_36v,7,βοάδει,ὁκνεῖ| βοθρεύω| σκάπτω
b_5553899179,3.EBE1082,EBE1082_056_36v,8,βοηλάτης,βουκόλος
b_5553899179,3.EBE1082,EBE1082_056_36v,9,βοοφόρμος,βοῶν νομεύς
b_5553899179,3.EBE1082,EBE1082_056_37r,1,βούπαλος,ὀ ὄνος
b_5553899179,3.EBE1082,EBE1082_056_37r,10,βουθύτης,μόσχος
b_5553899179,3.EBE1082,EBE1082_056_37r,11,βραχύς,μικρὸς| ὁλίγος
b_5553899179,3.EBE1082,EBE1082_056_37r,12,βραδύς,ὁ μὴ ἀγχίνους
b_5553899179,3.EBE1082,EBE1082_056_37r,13,βραχίων,τροπικῶς| ἢ δύναμις
b_5553899179,3.EBE1082,EBE1082_056_37r,14,βραχυτελές,σύντομ(ον)| μικρόν
b_5553899179,3.EBE1082,EBE1082_056_37r,15,βράβυλα,δαμασκηνά
b_5553899179,3.EBE1082,EBE1082_056_37r,16,βράκανα,ἄγρια λάχανα
b_5553899179,3.EBE1082,EBE1082_056_37r,17,βραβεῖον,ὁ παρὰ τ(ῶν) βραβευτῶν διδόμ(ενον) στέφος
b_5553899179,3.EBE1082,EBE1082_056_37r,18,βραβευτής,διοἰκητής
b_5553899179,3.EBE1082,EBE1082_056_37r,19,βραβεύει,διανέμει
b_5553899179,3.EBE1082,EBE1082_056_37r,2,βουχανδής,χλεύης
b_5553899179,3.EBE1082,EBE1082_056_37r,20,βραστών,ζεόντων καὶ καιομένω(ν)
b_5553899179,3.EBE1082,EBE1082_056_37r,21,βραχέα,ἄττα| ὁλίγα τινά
b_5553899179,3.EBE1082,EBE1082_056_37r,22,βραδύγλωσσος,μογγϊλάλος
b_5553899179,3.EBE1082,EBE1082_056_37r,23,βράζουσα,λένα
b_5553899179,3.EBE1082,EBE1082_056_37r,24,βράχη,πέτραι
b_5553899179,3.EBE1082,EBE1082_056_37r,25,βραχέως,σαφῶς| συντόμως
b_5553899179,3.EBE1082,EBE1082_056_37r,26,βρασμός γῆς,"ὅτ(αν) κοχλάζη| μετὰ κινήμ(α)το(ς)|
 ἐκτεναγμός δὲ| ὅτ(αν) ἀναρριπτῆται"
b_5553899179,3.EBE1082,EBE1082_056_37r,3,βουκέλλατον,ἄρτος| ἐλατός
b_5553899179,3.EBE1082,EBE1082_056_37r,4,βούλευμα,τὸ ἴδιον
b_5553899179,3.EBE1082,EBE1082_056_37r,5,βούλημα,τὸ δημόσιον
b_5553899179,3.EBE1082,EBE1082_056_37r,6,βουκολήσ(ας),ἀπατήσας
b_5553899179,3.EBE1082,EBE1082_056_37r,7,βουλεύσας,ἀντὶ τοῦ βουληθείς
b_5553899179,3.EBE1082,EBE1082_056_37r,8,βουβριστή,μεγάλη| ὀδύνη
b_5553899179,3.EBE1082,EBE1082_056_37r,9,βούβαλος,ἄγριος μέγας| βοῦς
b_5553899179,3.EBE1082,EBE1082_057_37v,1,βρενθύεται,μεγάλα φρονεῖ
b_5553899179,3.EBE1082,EBE1082_057_37v,10,βριαρόχειρ,ὁ ἰσχϋρὸ(ς) κ(αὶ) δυνατὸ(ς) τ(ὴν) χεῖρα
b_5553899179,3.EBE1082,EBE1082_057_37v,11,βριήπιος,μεγαλοφώνος
b_5553899179,3.EBE1082,EBE1082_057_37v,12,βριαρέως,ὁ ἑκατόχειρ θεός
b_5553899179,3.EBE1082,EBE1082_057_37v,13,βριμάζει,λέοντο(ς)| χρεῖται φωνή
b_5553899179,3.EBE1082,EBE1082_057_37v,14,βρικάω,ἐσθίω
b_5553899179,3.EBE1082,EBE1082_057_37v,15,βριμήσαις,ὀργισθίης
b_5553899179,3.EBE1082,EBE1082_057_37v,16,βρόχθος,τὸ ὀλίγ(ον) πόμα
b_5553899179,3.EBE1082,EBE1082_057_37v,17,βρόχος,τὸ τ(ῆς) ἀγχόν(ης) σχοινίον
b_5553899179,3.EBE1082,EBE1082_057_37v,18,βροτολιγός,ἀνθρωποκτόνος
b_5553899179,3.EBE1082,EBE1082_057_37v,19,βρόμιος,ὁ διόνυσος βρότος
b_5553899179,3.EBE1082,EBE1082_057_37v,2,βρεκεκὲξ κοὰξ κοάξ,"ἐφύμνιο(ν)
 αριστοφάνου| ἐν βατράχοις"
b_5553899179,3.EBE1082,EBE1082_057_37v,20,βροτός,γηγενής| ἄν(θρωπ)ος| θνητός
b_5553899179,3.EBE1082,EBE1082_057_37v,21,βροτός,γηγενής| ἄν(θρωπ)ος| θνητός
b_5553899179,3.EBE1082,EBE1082_057_37v,22,βρόμος,ὁ τοῦ πϋρὸς ἦχος
b_5553899179,3.EBE1082,EBE1082_057_37v,23,βροντή,"ὁ ὑπὸ πνεύματο(ς) ἐν τ(οῖς) νέφε
 σιν γινομ(έν)η ἔκρηξις"
b_5553899179,3.EBE1082,EBE1082_057_37v,24,βρωτός,ὁ βεβρωμένος
b_5553899179,3.EBE1082,EBE1082_057_37v,25,βρωμασθαι,ὁγκοῦσθαι
b_5553899179,3.EBE1082,EBE1082_057_37v,26,βρότον,αἷμα
b_5553899179,3.EBE1082,EBE1082_057_37v,3,βρέμεται,πρὸς ῥήσσεται| ἦχεῖ| ἀπειλεῖ
b_5553899179,3.EBE1082,EBE1082_057_37v,4,βρεμέτω,μεγαλοφώνως ἀδέτω
b_5553899179,3.EBE1082,EBE1082_057_37v,5,βρέμοντι,ἀπειλοῦντι
b_5553899179,3.EBE1082,EBE1082_057_37v,6,βρέτας,εἴδωλον| ἄγαλμα| ξόανον
b_5553899179,3.EBE1082,EBE1082_057_37v,7,βρέφος,ἔμβρι(ον)| νήπιον
b_5553899179,3.EBE1082,EBE1082_057_37v,8,βριαροί,ἰσχυροί| βαρεῖς
b_5553899179,3.EBE1082,EBE1082_057_37v,9,βρίμος,δυνατὸς| ἰσχυρός
b_5553899179,3.EBE1082,EBE1082_057_38r,1,βροῦχος,"ἡ κάμπη| ἢ νεογενής| καὶ 
 ἄπειρος ἀκρίς"
b_5553899179,3.EBE1082,EBE1082_057_38r,10,βύθιος,ὁ ἐν τῶ βυθῶ
b_5553899179,3.EBE1082,EBE1082_057_38r,11,βυζάντιον,ἡ κωστ(αντίνου) πόλις
b_5553899179,3.EBE1082,EBE1082_057_38r,12,βυκάνη,ὄργανον μουσικ(όν)
b_5553899179,3.EBE1082,EBE1082_057_38r,13,βύκηνον,ἡ σάλπιγξ
b_5553899179,3.EBE1082,EBE1082_057_38r,14,βυρσοδέψης,"σκυτοτόμος| πα
 ρὰ τὸ τὰς βύρσας| ἀπαλύνειν"
b_5553899179,3.EBE1082,EBE1082_057_38r,15,βύρσα,παρὰ τῶ δέρω| ἐκδέρω
b_5553899179,3.EBE1082,EBE1082_057_38r,16,βύσωσι,δράξουσι
b_5553899179,3.EBE1082,EBE1082_057_38r,17,βυσσός,ὁ βυθὸς παρὰ ἡροδότω
b_5553899179,3.EBE1082,EBE1082_057_38r,18,βύσσιν(ον),κόκκινον
b_5553899179,3.EBE1082,EBE1082_057_38r,19,βύω,τὸ ἀσφαλίζω
b_5553899179,3.EBE1082,EBE1082_057_38r,2,βρυάζει,βάλλει τρυφᾶ
b_5553899179,3.EBE1082,EBE1082_057_38r,20,βωθυσσεῖν,ὁρμᾶν
b_5553899179,3.EBE1082,EBE1082_057_38r,21,βῶλος,γῆ ξηρὰ| ἄρου
b_5553899179,3.EBE1082,EBE1082_057_38r,22,βωμός,τέμενος| ἱερόν
b_5553899179,3.EBE1082,EBE1082_057_38r,23,βωμολόχοι,πατεῶνες
b_5553899179,3.EBE1082,EBE1082_057_38r,24,βωμός,τέμενος| ἱερόν
b_5553899179,3.EBE1082,EBE1082_057_38r,3,βρύχϊον,βυθϊζόμενον
b_5553899179,3.EBE1082,EBE1082_057_38r,4,βρύον,"προχεόμ(ενον)| καὶ τὸ ἐκ τ(ῆς) θα
 λάσσης| ἀχυρωδῶς ἐκφερόμ(ενον)"
b_5553899179,3.EBE1082,EBE1082_057_38r,5,βρύτια,τὰ τῆς σταφυλῆς| πιέσματα
b_5553899179,3.EBE1082,EBE1082_057_38r,6,βρύλλια,τὰ βροῦλλα
b_5553899179,3.EBE1082,EBE1082_057_38r,7,βρύχεται,μαίνεται ὁ λέων
b_5553899179,3.EBE1082,EBE1082_057_38r,8,βρύκουσα,τρώγουσα καταισθίουσα
b_5553899179,3.EBE1082,EBE1082_057_38r,9,βύβλος,ἐπάπειρος
b_5553899179,3.EBE1082,EBE1082_058_38v,1,βωτιάνειρα,λέγεται ἡ φλιαρία
b_5553899179,3.EBE1082,EBE1082_058_38v,10,γάζα,ἔπαρξις| θησαυρός
b_5553899179,3.EBE1082,EBE1082_058_38v,11,γαία,γῆ| ἤπειρος| χέρσος
b_5553899179,3.EBE1082,EBE1082_058_38v,12,γαιάτης,γεωργός
b_5553899179,3.EBE1082,EBE1082_058_38v,13,γαιηρά,γήϊνα| χθόνια
b_5553899179,3.EBE1082,EBE1082_058_38v,14,γαισσός,τὸ κοντάριον
b_5553899179,3.EBE1082,EBE1082_058_38v,15,γαζήται,οἰ γαλάται
b_5553899179,3.EBE1082,EBE1082_058_38v,16,γαιοδόται,οἱ ἀρχητέκτονες
b_5553899179,3.EBE1082,EBE1082_058_38v,17,γαλιλαία,κατακλυστὴ ἐρμηνεύεται
b_5553899179,3.EBE1082,EBE1082_058_38v,18,γάλα,"ἡ πρώτη τροφὴ τοῦ ζώου|
 ὅπερ ἐκ μεταβολῆς γίνεται"
b_5553899179,3.EBE1082,EBE1082_058_38v,19,γαλαθινόν,ὑπομάζιον
b_5553899179,3.EBE1082,EBE1082_058_38v,2,βώνοσοι,ἄποικοι
b_5553899179,3.EBE1082,EBE1082_058_38v,20,γαλουχοῦσα,γαλακτοτροφοῦσα
b_5553899179,3.EBE1082,EBE1082_058_38v,21,γαλερός,φαιδρός| ἱλαρός
b_5553899179,3.EBE1082,EBE1082_058_38v,22,γαληνός,ἤσυχος| ἥμερος
b_5553899179,3.EBE1082,EBE1082_058_38v,23,γαλέα,ἰχθύς
b_5553899179,3.EBE1082,EBE1082_058_38v,24,γαλεάγρα,ὄργαν(ον) τιμωριτικ(όν)
b_5553899179,3.EBE1082,EBE1082_058_38v,3,βωνίτης,ὁ βουκόλος
b_5553899179,3.EBE1082,EBE1082_058_38v,4,βωτιάνειρα,ἡ τρέφουσα τοὺς ἄνδρας
b_5553899179,3.EBE1082,EBE1082_058_38v,5,βώτορες,οἱ νομεῖς
b_5553899179,3.EBE1082,EBE1082_058_38v,6,γάγγραινα,πάθος διαβρωτικ(ὸν) σαρκό(ς
b_5553899179,3.EBE1082,EBE1082_058_38v,7,γαβριήλ,ἐρμηνεύεται θ(εό)ς καὶ ἄν(θρωπ)ος
b_5553899179,3.EBE1082,EBE1082_058_38v,8,γάδαρα,πόλις κοίλης συρί(ας)| ἢ ἀντιοχί(ας)
b_5553899179,3.EBE1082,EBE1082_058_38v,9,γάδειρα,"τόπο(ς) κ(α)τ(ὰ) τὴν ἑσπέρα(ν)
 ἀποτελεύτησις τῆς θαλάσσας"
b_5553899179,3.EBE1082,EBE1082_058_39r,1,γαλλία,ὄνομα τόπου πρὸ(ς) ἑσπέραν
b_5553899179,3.EBE1082,EBE1082_058_39r,10,γαμήλια,γαμικὰ| ἀντὶ δώρα
b_5553899179,3.EBE1082,EBE1082_058_39r,11,γαμοστόλος,ὁ παρασκευάζων τ(ὸν) γάμ(ον)
b_5553899179,3.EBE1082,EBE1082_058_39r,12,γαμβρός,ἀνὴρ τῆς θυγατρὸς κ(αὶ) τ(ῆς) ἀδελφ(ῆς)
b_5553899179,3.EBE1082,EBE1082_058_39r,13,γάννυμαι,χαίρω
b_5553899179,3.EBE1082,EBE1082_058_39r,14,γαργαρεὼν,ἡ λεγομ(έν)η σταφυλή
b_5553899179,3.EBE1082,EBE1082_058_39r,15,γαρίω,φωνῶ
b_5553899179,3.EBE1082,EBE1082_058_39r,16,γαστὴρ,κοιλία| νηδύς
b_5553899179,3.EBE1082,EBE1082_058_39r,17,γαστρίμαργο(ς),"ὁ την γαστέρα μανιώδης|
 μαργαὶ γὰρ μαίνομαι"
b_5553899179,3.EBE1082,EBE1082_058_39r,18,γαστρίμαργο(ς),"ὄρεξις γαστρός| ἐπὶ πληθ(ει)
 βρωμάτων| ἀκρατῶς μαινομένη"
b_5553899179,3.EBE1082,EBE1082_058_39r,19,γάστρις,ὁ περι γαστέρα ἀκρατής
b_5553899179,3.EBE1082,EBE1082_058_39r,2,γαλή,ἡ νυμφίτζα
b_5553899179,3.EBE1082,EBE1082_058_39r,20,γαῦρος,ἀλαζῶν
b_5553899179,3.EBE1082,EBE1082_058_39r,21,γαῦρος,ἀλαζῶν
b_5553899179,3.EBE1082,EBE1082_058_39r,22,γαῦλος,ὁ ἐξαλλοτρί ζῶν
b_5553899179,3.EBE1082,EBE1082_058_39r,23,γαυρία,ἐπαίρεται καυχᾶται
b_5553899179,3.EBE1082,EBE1082_058_39r,24,γειώρας,ὁ τὴν γῆν φυλάσσω(ν)
b_5553899179,3.EBE1082,EBE1082_058_39r,25,γεννάδας,εὐγενεστάτους
b_5553899179,3.EBE1082,EBE1082_058_39r,26,γείσι(ον) κ(αὶ) γεισός,ἄκρ(ον) τείχους ἢ στεφάνωμα οἴκου
b_5553899179,3.EBE1082,EBE1082_058_39r,3,γαλερωπό(ς),ὁ ἐπὶ τρεπὲς βλέπ(ων)
b_5553899179,3.EBE1082,EBE1082_058_39r,4,γαλαὰδ,ἀποκάλυψις
b_5553899179,3.EBE1082,EBE1082_058_39r,5,γαμήλιος,γαμικός
b_5553899179,3.EBE1082,EBE1082_058_39r,6,γαμψόνυχος,ἐπικαμπεῖς ἔχ(ων) τ(οὺς) ὄνυχας
b_5553899179,3.EBE1082,EBE1082_058_39r,7,γαμψολή,ἡ ἐπίκαμψις
b_5553899179,3.EBE1082,EBE1082_058_39r,8,γαμφηλή,ἡ γνάφος| ἢ σιαγών
b_5553899179,3.EBE1082,EBE1082_058_39r,9,γαμετὴ,ὁμόζυγο(ς)| σύζυγος
b_5553899179,3.EBE1082,EBE1082_059_39v,1,γεηπόνος,ὁ γεωργός
b_5553899179,3.EBE1082,EBE1082_059_39v,10,γένεσις,κίνησις κατουσί(αν)| ἐκ τοῦ μὴ ὄντο(ς)| εἰς τὸ ει(ναι)
b_5553899179,3.EBE1082,EBE1082_059_39v,11,γένεσις,ποίησις| γένος
b_5553899179,3.EBE1082,EBE1082_059_39v,12,γεωγραφία,περιήγησις
b_5553899179,3.EBE1082,EBE1082_059_39v,13,γενέη,ἡλικία νῦν
b_5553899179,3.EBE1082,EBE1082_059_39v,14,γενθλιαλογία,"ὁ δι’ ἑαυτοῦ ἐπιφοι
 τῶσα τοῦ θανόντος μνήμη"
b_5553899179,3.EBE1082,EBE1082_059_39v,15,γεργέριμος,ἡ ἐν τὼ δένδρω π(εν)πανθεῖσα ἐλαία
b_5553899179,3.EBE1082,EBE1082_059_39v,16,γένεσις,"ἡ ἐκ τοῦ θ(εο)ῦ πρώτη πλάσις| ἐκ τοῦ
 μὴ ὄντος| παραγωγή"
b_5553899179,3.EBE1082,EBE1082_059_39v,17,γένυν,σιαγόνα
b_5553899179,3.EBE1082,EBE1082_059_39v,18,γεῖσσον,τὸ θεμέλιον
b_5553899179,3.EBE1082,EBE1082_059_39v,19,γειότομ(ον),τὸ ἄροτρον
b_5553899179,3.EBE1082,EBE1082_059_39v,2,γενεθλολογία,μαντεία πε(ρὶ) τῆς γεννήσεως
b_5553899179,3.EBE1082,EBE1082_059_39v,20,γένυσι,σιαγόσι
b_5553899179,3.EBE1082,EBE1082_059_39v,21,γεράνδρυον,παλαι(ὸν) φυτόν
b_5553899179,3.EBE1082,EBE1082_059_39v,22,γένυς,γένεια
b_5553899179,3.EBE1082,EBE1082_059_39v,23,γέντα,τὰ μέλη
b_5553899179,3.EBE1082,EBE1082_059_39v,24,γέρ(ας),ἀμοιβὴ| τιμή
b_5553899179,3.EBE1082,EBE1082_059_39v,25,γερράδια,στρωτηρίδια
b_5553899179,3.EBE1082,EBE1082_059_39v,26,γέρα,δωρεάς
b_5553899179,3.EBE1082,EBE1082_059_39v,27,γέννησις,"ὁ ἐκ καταδίκης τοῦ θανά
 του δια τὴν παράβασιν| ἐξ ἀλλήλω(ν)
 διαδοχῆ| ἤ ἐστι κ(αὶ) παθητή| κ(αὶ) ἁμ"
b_5553899179,3.EBE1082,EBE1082_059_39v,28,γενικ(ῶς),ἀνδρικ(ῶς) γενναῖος
b_5553899179,3.EBE1082,EBE1082_059_39v,29,γενέσια,"ἡ ἡμέρα τ(ῆς) γεννήσες| ἡ κατ’ ἔ
	τος ἑορτή"
b_5553899179,3.EBE1082,EBE1082_059_39v,3,γεμόρος,ὁ γεωργός
b_5553899179,3.EBE1082,EBE1082_059_39v,30,γενεοῖς,προγόνοις προπάπποις
b_5553899179,3.EBE1082,EBE1082_059_39v,31,γέλγιδες,οἱ κεφαλαὶ τ(ῶν) σκορόδων
b_5553899179,3.EBE1082,EBE1082_059_39v,32,γίτια,τὰ κρομμίδια
b_5553899179,3.EBE1082,EBE1082_059_39v,4,γελοῖς,ὁ καταγέλαστος
b_5553899179,3.EBE1082,EBE1082_059_39v,5,γερμανικοί,οἰ φράγγοι
b_5553899179,3.EBE1082,EBE1082_059_39v,6,γεοῦχος,ὁ τὴν γὴν δεσπόζων
b_5553899179,3.EBE1082,EBE1082_059_39v,7,γερήνιος,ὁ ἔντιμος
b_5553899179,3.EBE1082,EBE1082_059_39v,8,γεράνος,τὸ ζῶ(ον)| ἀπὸ τοῦ γ(ῆς) ἐρευν(ὰν) σπέρματα
b_5553899179,3.EBE1082,EBE1082_059_39v,9,γεγύρα,ὁ ὑπὸνόμο(ς)| δι’ οὗ τὰ ὕδατα φέρεται
b_5553899179,3.EBE1082,EBE1082_059_40r,1,γεώρας,ὁ ἐξ ἄλλου ἔθν(ους) προ(σ)κολλώμ(εν)ο(ς) ἢ πρὁρυόμ(εν)ο(ς)
b_5553899179,3.EBE1082,EBE1082_059_40r,10,γεραίρειν,τιμᾶν δοξάζειν
b_5553899179,3.EBE1082,EBE1082_059_40r,11,γέγηθει,κέχαρτο
b_5553899179,3.EBE1082,EBE1082_059_40r,12,γεγηθώς,ἐπιχαρής
b_5553899179,3.EBE1082,EBE1082_059_40r,13,γεγονώς,γεγεννημένος
b_5553899179,3.EBE1082,EBE1082_059_40r,14,γειτνιῶντες,πλησιόχωροι
b_5553899179,3.EBE1082,EBE1082_059_40r,15,γενεᾶ,χρόνος| καιρός
b_5553899179,3.EBE1082,EBE1082_059_40r,16,γέναρχος,πατὴρ πρόγονος
b_5553899179,3.EBE1082,EBE1082_059_40r,17,γενέτειρα,μήτηρ| γένο(ς)| φυσις
b_5553899179,3.EBE1082,EBE1082_059_40r,18,γεννήτωρ,πατὴρ| καὶ τοκεύς
b_5553899179,3.EBE1082,EBE1082_059_40r,19,γελασφόρος,ὁ τὰς τιμὰς ἐπιφέρω(ν)
b_5553899179,3.EBE1082,EBE1082_059_40r,2,γένος| δὲ,παρα τὸ γείνω τὸ γεννῶ
b_5553899179,3.EBE1082,EBE1082_059_40r,20,γεραλαῖος,γέρων κ(αὶ) πρεσβύτης
b_5553899179,3.EBE1082,EBE1082_059_40r,21,γέφυρα,διαβάθρα
b_5553899179,3.EBE1082,EBE1082_059_40r,22,γεώδης,πηλώδης
b_5553899179,3.EBE1082,EBE1082_059_40r,23,γέσος,σπάθη| ξίφος
b_5553899179,3.EBE1082,EBE1082_059_40r,24,γηγενής,"ὁ ἐκ γῆς ἔχων τὴν γέννησι(ν)|
 ἢ ὁ τὰ γήϊνα ἐργαζόμενος"
b_5553899179,3.EBE1082,EBE1082_059_40r,25,γηπόνος,ὁ γεωργός
b_5553899179,3.EBE1082,EBE1082_059_40r,26,γήλοφον,ἐνάστημα ὑψηλόν
b_5553899179,3.EBE1082,EBE1082_059_40r,27,γῆρυς,φωνή
b_5553899179,3.EBE1082,EBE1082_059_40r,3,γεωμόριον,τὸ γεώργιον
b_5553899179,3.EBE1082,EBE1082_059_40r,4,γεγωνῶς,βοῶν
b_5553899179,3.EBE1082,EBE1082_059_40r,5,γέγγει,βρέχει
b_5553899179,3.EBE1082,EBE1082_059_40r,6,γέντο,ἔλαβεν
b_5553899179,3.EBE1082,EBE1082_059_40r,7,γεγράψομαι,θεήσομαι
b_5553899179,3.EBE1082,EBE1082_059_40r,8,γεφυρίζων,χλευάζων
b_5553899179,3.EBE1082,EBE1082_059_40r,9,γεμίζω,τὸ ἀντλῶ
b_5553899179,3.EBE1082,EBE1082_060_40v,1,γῆν ἰλλομ(έν)ην,τὴν συγκλεισμένην
b_5553899179,3.EBE1082,EBE1082_060_40v,10,γήϊνος,φθαρτῶς
b_5553899179,3.EBE1082,EBE1082_060_40v,11,γιγαντιᾶ,τὰ τῶν γιγάντων φρονεῖ
b_5553899179,3.EBE1082,EBE1082_060_40v,12,γίγαρτον,τὸ ἔνδον τῆς σταφυλῆς
b_5553899179,3.EBE1082,EBE1082_060_40v,13,γιγαντώδης,ἀνδρειότατος
b_5553899179,3.EBE1082,EBE1082_060_40v,14,γινώσκω,τὸ γνωρίζω
b_5553899179,3.EBE1082,EBE1082_060_40v,15,γίνωσκε,γνώθϊ| ἐπίγνωθι
b_5553899179,3.EBE1082,EBE1082_060_40v,16,γινώσκει,"ἀντὶ τοῦ τιμᾶ| κ(α)τ(ὰ) τὸ εἰ
 ρημένον| παρὰ θ(εο)ῦ| πρὸς μωσῆ"
b_5553899179,3.EBE1082,EBE1082_060_40v,17,γίγνου,γίνου| ἔσο
b_5553899179,3.EBE1082,EBE1082_060_40v,18,γίνουκλα,βόθρος| λάκκος
b_5553899179,3.EBE1082,EBE1082_060_40v,19,γλοιώδης,λυπαρός
b_5553899179,3.EBE1082,EBE1082_060_40v,2,γηθοσύνη,παρατέρψις
b_5553899179,3.EBE1082,EBE1082_060_40v,20,γλαυκός,κυανός| ἢ λευκός
b_5553899179,3.EBE1082,EBE1082_060_40v,21,γλίσχρος,φιδολός
b_5553899179,3.EBE1082,EBE1082_060_40v,22,γλυκύθυμο(ς),ἀπαλόψυχος
b_5553899179,3.EBE1082,EBE1082_060_40v,23,γλωσσαλγία,φλυαρία
b_5553899179,3.EBE1082,EBE1082_060_40v,24,γλωσσόκομον,θήκη λειψάν(ων)
b_5553899179,3.EBE1082,EBE1082_060_40v,3,γη ζωντων,"ὁ προσδοκώμ(εν)ο(ς)
 βίος| ὡς τοῦ θανάτου κεχωρισμ(έν)ο(ς)|
 καὶ ἐλεύθερος λύπης"
b_5553899179,3.EBE1082,EBE1082_060_40v,4,γηραλέα,ἡ γρᾶς
b_5553899179,3.EBE1082,EBE1082_060_40v,5,γήειον,τὸ χλορὸν κρόμυον| κ(αὶ) τὸ ἀμπελόπρασον
b_5553899179,3.EBE1082,EBE1082_060_40v,6,γήρεια,τὰ τῶν κινάρων ἄνθη
b_5553899179,3.EBE1082,EBE1082_060_40v,7,γήδιον,μικρὰ γῆ
b_5553899179,3.EBE1082,EBE1082_060_40v,8,γήθυσεν,ἐχάρη
b_5553899179,3.EBE1082,EBE1082_060_40v,9,γηθωσύνως,μετα χαρᾶς
b_5553899179,3.EBE1082,EBE1082_060_41r,1,γλήχων,εἶδος βοτάνης
b_5553899179,3.EBE1082,EBE1082_060_41r,2,γλαύξ,πετειν(ὸν) νυχτεριν(ὸν)| ἢ κουκουβαΐα
b_5553899179,3.EBE1082,EBE1082_060_41r,3,γλήνη,ἡ κόρη τοῦ ὀφθαλφοῦ
b_5553899179,3.EBE1082,EBE1082_060_41r,4,γλωσσαλγία,ἡ φλυαρία
b_5553899179,3.EBE1082,EBE1082_060_41r,5,γλαγός,τὸ γάλα
b_5553899179,3.EBE1082,EBE1082_060_41r,6,γλυκυδερκ(ές),τὸ ἡδὺ ἐν τῶ ὁρᾶν
b_5553899179,3.EBE1082,EBE1082_060_41r,7,γλωσσόκομ(ον),βαλάντιον
b_5553899179,3.EBE1082,EBE1082_061_41v,1,γνωτῆ,ἡ ἀδελφή
b_5553899179,3.EBE1082,EBE1082_061_41v,10,γόης,ὁ πλάνος| ὁ μάγος
b_5553899179,3.EBE1082,EBE1082_061_41v,11,γοητεία,ἀπάτη<α>| φαρμακεία
b_5553899179,3.EBE1082,EBE1082_061_41v,12,γόος,ὁ θρῆνος
b_5553899179,3.EBE1082,EBE1082_061_41v,13,γούνων,γονάτων
b_5553899179,3.EBE1082,EBE1082_061_41v,14,γοργόλοπο(ς),ἐπιθετικός
b_5553899179,3.EBE1082,EBE1082_061_41v,15,γορρός,κυρτός
b_5553899179,3.EBE1082,EBE1082_061_41v,16,γομφιασμό(ς),συγκλασμός
b_5553899179,3.EBE1082,EBE1082_061_41v,17,γομόρ,εἶδος μέτρου ἑβραϊκοῦ
b_5553899179,3.EBE1082,EBE1082_061_41v,18,γορωπὸς,ὁ γοργόφθαλμος
b_5553899179,3.EBE1082,EBE1082_061_41v,19,γοργόνες,"τρεῖς γυναῖκες| αἱ 
 τὸ σοῦτον εἶχον τὰ πρόσωπα|
 φρικοὰ| κ(αὶ) φοβερὰ| ὡς τοὺς ὁ
 ρῶντας θνήσκειν|"
b_5553899179,3.EBE1082,EBE1082_061_41v,2,γνώμη,ἡ συνείδησις
b_5553899179,3.EBE1082,EBE1082_061_41v,20,γογγύλιον,στρογγύλον
b_5553899179,3.EBE1082,EBE1082_061_41v,21,γοερόν,θρηνώδες| λυπηρόν
b_5553899179,3.EBE1082,EBE1082_061_41v,3,γνώσις,"ἡ τῶν κατειλημμένω(ν)|
 περίεργος| συγκατάθεσις| ὡς
 ὁ ρωμαίων ἔλεγχος"
b_5553899179,3.EBE1082,EBE1082_061_41v,4,γνώσις,κ(αὶ) ἡ θεωρία τ(ῆς) ἁγί(ας) τριάδος
b_5553899179,3.EBE1082,EBE1082_061_41v,5,γνωματεύειν,διακρίνειν
b_5553899179,3.EBE1082,EBE1082_061_41v,6,γνωρίζω,γινώσκω ἱστορῶ
b_5553899179,3.EBE1082,EBE1082_061_41v,7,γνωμοδοτῶ,γνώμην δίδωμι
b_5553899179,3.EBE1082,EBE1082_061_41v,8,γνωμοτοπικ(ῶς),ἤτοι γνωμολογϊκῶς
b_5553899179,3.EBE1082,EBE1082_061_41v,9,γόμφοι,καρδία| δεσμά
b_5553899179,3.EBE1082,EBE1082_061_42r,1,γνόφος,συνεφία δεινὸς ἄνεμος
b_5553899179,3.EBE1082,EBE1082_061_42r,10,γράσος,μωρός| ἀνούστατος
b_5553899179,3.EBE1082,EBE1082_061_42r,11,γραμματοκύφων,ταπεινὲ γραμματικέ
b_5553899179,3.EBE1082,EBE1082_061_42r,12,γραικοί,"οἱ ἔλληνες ἀπὸ κώμ(ης)
 τινός| ἢ ἀπο γραικοῦ τινός| καὶ γὰρ
 διὰ τὴν πολλὴν ἀνδρείαν| οὗτως οἱ ἔ
 λλ"
b_5553899179,3.EBE1082,EBE1082_061_42r,13,γρίφος,δίσκολος| κ(αὶ) τὸ δίκτυον
b_5553899179,3.EBE1082,EBE1082_061_42r,14,γρίτης,ὁ βυρσεύς
b_5553899179,3.EBE1082,EBE1082_061_42r,15,γρίντης,ὁ ὑβριστής
b_5553899179,3.EBE1082,EBE1082_061_42r,16,γρόμφης,ὧς| ἤτοι| ἡ παλαιά σκρόφα
b_5553899179,3.EBE1082,EBE1082_061_42r,17,γρίσον,ὁ χοῖρος
b_5553899179,3.EBE1082,EBE1082_061_42r,18,γρυμαία,ἡ σκευοθήκη
b_5553899179,3.EBE1082,EBE1082_061_42r,19,γραφή,ἔγκλημα ἐξ οὗ κ(αὶ) γράφεται| ἤτοι κατηγορεῖτ(αι)
b_5553899179,3.EBE1082,EBE1082_061_42r,2,γονύων,γονάτων
b_5553899179,3.EBE1082,EBE1082_061_42r,20,γρυταί,ἐπισκευαι
b_5553899179,3.EBE1082,EBE1082_061_42r,21,γραμμή,μῆκος ἀπλατές
b_5553899179,3.EBE1082,EBE1082_061_42r,22,γραμματεί(ας),ἐξαριθμήσεις
b_5553899179,3.EBE1082,EBE1082_061_42r,23,γραυδής,ἡ λαμπάς
b_5553899179,3.EBE1082,EBE1082_061_42r,24,γρύ,τὸ βραχύ| τὸ τυχόν
b_5553899179,3.EBE1082,EBE1082_061_42r,25,γράμματα,"ὅτε γράφονται διὰ
 τὸ τυπούσθαι| γραμμαῖς κ(αὶ) ξυσμαῖς|
 στοιχεία δὲ ὅτε ἀναγινώσκοντ(αι)"
b_5553899179,3.EBE1082,EBE1082_061_42r,3,γόργια,τὰ τῶν ὑποκριτῶν προσωπεῖα
b_5553899179,3.EBE1082,EBE1082_061_42r,4,γογγυλίζει,ἀντὶ τοῦ μεταστρέφειν
b_5553899179,3.EBE1082,EBE1082_061_42r,5,γονυπετήσαι,προσκυνήσαι
b_5553899179,3.EBE1082,EBE1082_061_42r,6,γουνάσομαι,λιτανεύσω
b_5553899179,3.EBE1082,EBE1082_061_42r,7,γόρνη,κϊβωτός| λάρναξ
b_5553899179,3.EBE1082,EBE1082_061_42r,8,γόνος,υἱὸς γνήσιος
b_5553899179,3.EBE1082,EBE1082_061_42r,9,γοῦν,τοῖνυν
b_5553899179,3.EBE1082,EBE1082_062_42v,1,γρύξαι,κράξαι
b_5553899179,3.EBE1082,EBE1082_062_42v,10,γρύτες,χρυσοφύλακες
b_5553899179,3.EBE1082,EBE1082_062_42v,11,γύρος,κύκλος| στρογγύλος
b_5553899179,3.EBE1082,EBE1082_062_42v,12,γύνις,μαλακός| γυναικώδης
b_5553899179,3.EBE1082,EBE1082_062_42v,13,γύργαθος,τὸ δίκτυον
b_5553899179,3.EBE1082,EBE1082_062_42v,14,γυναικώδει,οἱ εὐνοῦχοι
b_5553899179,3.EBE1082,EBE1082_062_42v,15,γυμνοσοφισταί,οἱ φιλόσοφοι
b_5553899179,3.EBE1082,EBE1082_062_42v,16,γυναικίας,ὁ θυλυμανὴς ἀνήρ
b_5553899179,3.EBE1082,EBE1082_062_42v,17,γυμνοπαίδεια,ἡ παλαίστρα
b_5553899179,3.EBE1082,EBE1082_062_42v,18,γυμνασία,ἡ τρϊβή
b_5553899179,3.EBE1082,EBE1082_062_42v,19,γυμνασία,κυνήγια| λουτρά
b_5553899179,3.EBE1082,EBE1082_062_42v,2,γράψαι,κοιλάναι
b_5553899179,3.EBE1082,EBE1082_062_42v,20,γυναικιζόμ(εν)ο(ς),θηλυνόμ(εν)ο(ς)
b_5553899179,3.EBE1082,EBE1082_062_42v,21,γυναιμανῶ,ἀκολασταίνω
b_5553899179,3.EBE1082,EBE1082_062_42v,22,γυμναζόμ(εν)ο(ς),ἀσκούμενος
b_5553899179,3.EBE1082,EBE1082_062_42v,23,γύψ,ὄρνεον μέγα
b_5553899179,3.EBE1082,EBE1082_062_42v,24,γύμνωσις,γυμνότης
b_5553899179,3.EBE1082,EBE1082_062_42v,25,γωρυτός,ἡ ξιφοθήκ(η) τ(ῶν) τόξων
b_5553899179,3.EBE1082,EBE1082_062_42v,26,γωλιός,φωλεός| σπήλαιον
b_5553899179,3.EBE1082,EBE1082_062_42v,3,γρυππίζω,τὸ κερδαίνω
b_5553899179,3.EBE1082,EBE1082_062_42v,4,γρυππίζω,τὸ κερδαίνω
b_5553899179,3.EBE1082,EBE1082_062_42v,5,γρυῶ,προσφωνῶ
b_5553899179,3.EBE1082,EBE1082_062_42v,6,γρῶ,τὸ ἐσθίω
b_5553899179,3.EBE1082,EBE1082_062_42v,7,γρηγόρϊος,νηφάλεος
b_5553899179,3.EBE1082,EBE1082_062_42v,8,γρυμός,βαβισμός
b_5553899179,3.EBE1082,EBE1082_062_42v,9,γρυτά,σκεύη λεπτά
b_5553899179,3.EBE1082,EBE1082_062_43r,1,γαζοφυλάκιον,θησαυροφυλάκι(ον)
b_5553899179,3.EBE1082,EBE1082_062_43r,10,γῶ,τὸ χωρῶ
b_5553899179,3.EBE1082,EBE1082_062_43r,11,γῶ,τὸ χωρῶ
b_5553899179,3.EBE1082,EBE1082_062_43r,12,δαήμονες,ἔμπειροι
b_5553899179,3.EBE1082,EBE1082_062_43r,13,δανηήλ,διάκρισις
b_5553899179,3.EBE1082,EBE1082_062_43r,14,δαΐφρων,συνετῶς
b_5553899179,3.EBE1082,EBE1082_062_43r,15,δαλός,λαμπάς
b_5553899179,3.EBE1082,EBE1082_062_43r,16,δασμός,μερισμός
b_5553899179,3.EBE1082,EBE1082_062_43r,17,δαήρ,ἀνδράδελφος
b_5553899179,3.EBE1082,EBE1082_062_43r,18,δάσκιος,πολύσκιος
b_5553899179,3.EBE1082,EBE1082_062_43r,19,δαφοινός,ὁ ἄγαν φόνιος
b_5553899179,3.EBE1082,EBE1082_062_43r,2,γάϊος,μακροκέντης| ἢ κοντός
b_5553899179,3.EBE1082,EBE1082_062_43r,20,δασύλλιος,ὁ διόνυσος
b_5553899179,3.EBE1082,EBE1082_062_43r,21,δαβὶδ,πεποθημ(έν)ο(ς)
b_5553899179,3.EBE1082,EBE1082_062_43r,22,δαναοί,οἱ ἔλλην(ες) ἀπὸ δαναοῦ βασιλέως
b_5553899179,3.EBE1082,EBE1082_062_43r,23,δαβήρ,τὰ ἅγια τ(ῶν) ἁγί(ων) ὁνομάζει
b_5553899179,3.EBE1082,EBE1082_062_43r,24,δάδα,λαμπάδα
b_5553899179,3.EBE1082,EBE1082_062_43r,25,δαδοῦχο(ς),λαμπαδηφόρος
b_5553899179,3.EBE1082,EBE1082_062_43r,26,δαδουχεῖ,φαίνει| λάμπει
b_5553899179,3.EBE1082,EBE1082_062_43r,3,γαργαλίζοντες,ἐπὶ ἡδονῆ κιν(οῦν)τες
b_5553899179,3.EBE1082,EBE1082_062_43r,4,γενάρχου,τοῦ π(ατ)ρ(ό)ς
b_5553899179,3.EBE1082,EBE1082_062_43r,5,γέραιρεν,ἐτίμα
b_5553899179,3.EBE1082,EBE1082_062_43r,6,γερέροντ(ες),τιμ(ῶν)τ(ες)| εὐφημ(οῦν)τ(ες)| δο(ξά)ζο(ν)τ(ες)
b_5553899179,3.EBE1082,EBE1082_062_43r,7,γέρα,δωρεάς| γέρας| ἀμοιβή| τιμή
b_5553899179,3.EBE1082,EBE1082_062_43r,8,γάργαλον,ἀκροτήρι(ον)
b_5553899179,3.EBE1082,EBE1082_062_43r,9,γωνεία,ὁ τοῦ οἶκου
b_5553899179,3.EBE1082,EBE1082_063_43v,1,δάμαρ,γυνῆ| γαμετῆ
b_5553899179,3.EBE1082,EBE1082_063_43v,10,δαΐζων,διακόπτων
b_5553899179,3.EBE1082,EBE1082_063_43v,11,δαΐξας,διακόψας
b_5553899179,3.EBE1082,EBE1082_063_43v,12,δασμολογῶ,συνάγω
b_5553899179,3.EBE1082,EBE1082_063_43v,13,δάξα,θάλασσα
b_5553899179,3.EBE1082,EBE1082_063_43v,14,δασύπους,λαγωός
b_5553899179,3.EBE1082,EBE1082_063_43v,15,δαιτυμόνες,αριστηταί| <σύνδειπνοι| ἐστιάτωρ (δὲ) ὁ τὸ ἄριστον ποι(ῶν)
b_5553899179,3.EBE1082,EBE1082_063_43v,16,δαῖτα,ευωχεί<ϊ>α
b_5553899179,3.EBE1082,EBE1082_063_43v,17,δαιάζω,ἀναβοῶ
b_5553899179,3.EBE1082,EBE1082_063_43v,18,δαίδαλος,ποικίλος
b_5553899179,3.EBE1082,EBE1082_063_43v,19,δαίδω,τὸ τύπτω| δέρω τὸ ἐκδέρω ψιλ(όν)
b_5553899179,3.EBE1082,EBE1082_063_43v,2,δαψιλεία,πλουσιότης
b_5553899179,3.EBE1082,EBE1082_063_43v,20,δαισάνη,ἡ πτισάνη
b_5553899179,3.EBE1082,EBE1082_063_43v,21,δαιτρευτῶς,μεριστῶς
b_5553899179,3.EBE1082,EBE1082_063_43v,22,δαιμονίως,παραδόξως
b_5553899179,3.EBE1082,EBE1082_063_43v,23,δαιμόνιε,ἀντὶ τοῦ ὦ μακάριε
b_5553899179,3.EBE1082,EBE1082_063_43v,24,δαιμίνισσος,θ(ε)ῶ ὄμοιος
b_5553899179,3.EBE1082,EBE1082_063_43v,25,δαιδαλόχειρ,"ὁ ποικίλα κ(αὶ) ἐξαί
 σια τ(ῶν) χειρ(ῶν) ἐργάζόμενος"
b_5553899179,3.EBE1082,EBE1082_063_43v,3,δαίς,ἡ μάχη| δακιβίζα| τόπο(ς)
b_5553899179,3.EBE1082,EBE1082_063_43v,4,δάπεδον,τὸ ἔδαφος| ἡ γῆ
b_5553899179,3.EBE1082,EBE1082_063_43v,5,δανά,τὰ ξηρὰ ξύλα
b_5553899179,3.EBE1082,EBE1082_063_43v,6,δάκρυον,"φθαρτῆς φύσεως| ἰδίω
 μα ὅπερ ὁ ἀδάμ πρὸ τῆς παρα
 κοῆς οὐκ εκέκτητο"
b_5553899179,3.EBE1082,EBE1082_063_43v,7,δανότατον,ξηρότατον
b_5553899179,3.EBE1082,EBE1082_063_43v,8,δαμέντες,δαμασθέντες
b_5553899179,3.EBE1082,EBE1082_063_43v,9,δακρυρροεῖν,ρέειν δάκρυα
b_5553899179,3.EBE1082,EBE1082_063_44r,1,δαίμων,"οὐσία λογικῆ| ἀθάνατος|
 κατα γνώμην πάσης ἀγαθοεργί(ας)
 ἐστερημ(έν)η"
b_5553899179,3.EBE1082,EBE1082_063_44r,10,δειλός,ὁ ἄθλιος| ὁ ἐλεεινός
b_5553899179,3.EBE1082,EBE1082_063_44r,11,δειδήμων,δειλός
b_5553899179,3.EBE1082,EBE1082_063_44r,12,δέλτος,πινακίδι(ον)| σχεδάριον
b_5553899179,3.EBE1082,EBE1082_063_44r,13,δέλφακες,οἱ μεγάλοι χοῖροι
b_5553899179,3.EBE1082,EBE1082_063_44r,14,δέψα,ἡ βύρσα
b_5553899179,3.EBE1082,EBE1082_063_44r,15,δειδία,ἡ σκοτεινὴ νύξ
b_5553899179,3.EBE1082,EBE1082_063_44r,16,δεξίωσις,ἀποδοχή
b_5553899179,3.EBE1082,EBE1082_063_44r,17,δέμας,τὸ σῶμα
b_5553899179,3.EBE1082,EBE1082_063_44r,18,δέμνια,τὰ ἐγκοίτια στρώματα
b_5553899179,3.EBE1082,EBE1082_063_44r,19,δέος,ὁ φόβος
b_5553899179,3.EBE1082,EBE1082_063_44r,2,ἐστερημ(έν)η,"ἀπο δαίμονο(ς) ἐ
[[μονανας κατέχεεθαι]] λαύνεται"
b_5553899179,3.EBE1082,EBE1082_063_44r,20,δεξιᾶ,συνετὰ| ἀριστερὰ (δὲ) τὰ μωρά
b_5553899179,3.EBE1082,EBE1082_063_44r,21,δείμα,ὁ φόβος
b_5553899179,3.EBE1082,EBE1082_063_44r,22,δεκτόν,εὐαπόδεκτον
b_5553899179,3.EBE1082,EBE1082_063_44r,23,δεῖπνον,τὸ ἄριστον
b_5553899179,3.EBE1082,EBE1082_063_44r,24,δέπας,τὸ ποτήριον
b_5553899179,3.EBE1082,EBE1082_063_44r,25,δεδιττομ(έν)ος,ἐκφοβῶν
b_5553899179,3.EBE1082,EBE1082_063_44r,3,δεσπόσυνος,ταῖς τοῦ δεσπότου
b_5553899179,3.EBE1082,EBE1082_063_44r,4,δεξίος,εὔνους| ἀγαθός
b_5553899179,3.EBE1082,EBE1082_063_44r,5,δερεστήρ,ὁ συνέχων περιτραχήλιος
b_5553899179,3.EBE1082,EBE1082_063_44r,6,δειμαλέος,κατάφοβος
b_5553899179,3.EBE1082,EBE1082_063_44r,7,δεισιδαίμων,ὁ εὐσεβής
b_5553899179,3.EBE1082,EBE1082_063_44r,8,δεκτῆρες,ἀποδοχεῖς
b_5553899179,3.EBE1082,EBE1082_063_44r,9,δεξιόλαβος,παραφύλαξ
b_5553899179,3.EBE1082,EBE1082_064_44v,1,δέλεαρ,ἀπάτη| δόλος
b_5553899179,3.EBE1082,EBE1082_064_44v,10,δεδοκιμασμ(έν)α,κεκρυμμένα
b_5553899179,3.EBE1082,EBE1082_064_44v,11,δεδοξοποιημένο(ν),δόσξης κοσμούμενο(ν)
b_5553899179,3.EBE1082,EBE1082_064_44v,12,δεῆσαν,χεῖρας γινομένης
b_5553899179,3.EBE1082,EBE1082_064_44v,13,δεκτέον,δεῖ δέχεσθαι
b_5553899179,3.EBE1082,EBE1082_064_44v,14,δεδιῶς,φοβούμενος
b_5553899179,3.EBE1082,EBE1082_064_44v,15,δέδειχα,ἔδειξα
b_5553899179,3.EBE1082,EBE1082_064_44v,16,δέδυκεν,εἰσῆλθεν
b_5553899179,3.EBE1082,EBE1082_064_44v,17,δείσας,φοβηθείς
b_5553899179,3.EBE1082,EBE1082_064_44v,18,δειμάμ(εν)οι,οἱκοδομήσ(αν)τες
b_5553899179,3.EBE1082,EBE1082_064_44v,19,δεύω,βρέχω
b_5553899179,3.EBE1082,EBE1082_064_44v,2,δελεάστρα,παγίδες
b_5553899179,3.EBE1082,EBE1082_064_44v,20,δέρκειν,βλέπειν
b_5553899179,3.EBE1082,EBE1082_064_44v,21,δεκάζειν,τὸ διαφθείρειν| ἐν χρήμασ(ιν)
b_5553899179,3.EBE1082,EBE1082_064_44v,22,δεινάζειν,λοιδορεῖν
b_5553899179,3.EBE1082,EBE1082_064_44v,23,δέδαται,μεμέρισται
b_5553899179,3.EBE1082,EBE1082_064_44v,24,δεδμήμεθα,ὑπὸ τετάγμ(ε)θ(α)
b_5553899179,3.EBE1082,EBE1082_064_44v,25,δεκατεύειν,δοῦναι δεκάτ(ας)
b_5553899179,3.EBE1082,EBE1082_064_44v,26,δεδιττόμ(εν)ο(ς),έκφοβῶν
b_5553899179,3.EBE1082,EBE1082_064_44v,27,δέδοιμι,οἰκοδομοίην
b_5553899179,3.EBE1082,EBE1082_064_44v,28,δέδευκε,εφύρακεν
b_5553899179,3.EBE1082,EBE1082_064_44v,3,δέον,καλόν| συμφέρον
b_5553899179,3.EBE1082,EBE1082_064_44v,4,δέραια,ἐπιτραχήλϊος κόσμο(ς)
b_5553899179,3.EBE1082,EBE1082_064_44v,5,δεδειχότ(ας),δείξαντας
b_5553899179,3.EBE1082,EBE1082_064_44v,6,δεδοκημ(έν)ο(ς),ἐνεδρεύων
b_5553899179,3.EBE1082,EBE1082_064_44v,7,δεδραγμ(έν)ο(ς),πεπραγμ(έν)ο(ς)
b_5553899179,3.EBE1082,EBE1082_064_44v,8,δέρτρον,ἐπίπλουν
b_5553899179,3.EBE1082,EBE1082_064_44v,9,δειπνολόχον,κλεπτοτρόφον
b_5553899179,3.EBE1082,EBE1082_064_45r,1,δεδιχότ(ας),δείξαντας
b_5553899179,3.EBE1082,EBE1082_064_45r,10,δεδήει,διηγείρετο
b_5553899179,3.EBE1082,EBE1082_064_45r,11,δερμύλλειν,αἱμοποτεῖν
b_5553899179,3.EBE1082,EBE1082_064_45r,12,δεόντως,πρεπόντως
b_5553899179,3.EBE1082,EBE1082_064_45r,13,δεύρω,ἀντὶ τοῦ ἔλθε
b_5553899179,3.EBE1082,EBE1082_064_45r,14,δεξιῶς,εὐπαιδεύτως
b_5553899179,3.EBE1082,EBE1082_064_45r,15,δεῦρ’ ἀεί,ἀντὶ τοῦ ἕως τούτου
b_5553899179,3.EBE1082,EBE1082_064_45r,16,δέδορκεν,βλέπει
b_5553899179,3.EBE1082,EBE1082_064_45r,17,δεῖ,χρή
b_5553899179,3.EBE1082,EBE1082_064_45r,18,δείνας,"τὰ κοιλώματα τῶν ὑδάτων
 ἐν τὼ βάθει| αἱ ἰλιγγώδεις ἐριστροφαί"
b_5553899179,3.EBE1082,EBE1082_064_45r,19,δείνωσιν,δύναμιν
b_5553899179,3.EBE1082,EBE1082_064_45r,2,ἐνεδρεύων,δεδοκημ(έν)ο(ς)
b_5553899179,3.EBE1082,EBE1082_064_45r,20,δειράρας,"τὰ σημὰ τῶν ὀρῶν| εἰ μ(ὲν) τὰς
 νάπας| οἱ δὲ φάραγγας"
b_5553899179,3.EBE1082,EBE1082_064_45r,21,δείφων,ἡ τῶν δίκην
b_5553899179,3.EBE1082,EBE1082_064_45r,22,δήγηρες,στρουθοί
b_5553899179,3.EBE1082,EBE1082_064_45r,23,δηθαιῶνες,οἱ μακρόβιοι
b_5553899179,3.EBE1082,EBE1082_064_45r,24,δήμαρχος,ὁ τοῦ δήμου ἄρχων
b_5553899179,3.EBE1082,EBE1082_064_45r,3,δεύειν,πυρᾶν
b_5553899179,3.EBE1082,EBE1082_064_45r,4,δεφόμ(εν)ο(ς),ἀποδέρων τὸ αἰδοῖον
b_5553899179,3.EBE1082,EBE1082_064_45r,5,δειλοκαμπήσ(ας),ἐξαπατήσας
b_5553899179,3.EBE1082,EBE1082_064_45r,6,δεννάζων,βλασφημῶν
b_5553899179,3.EBE1082,EBE1082_064_45r,7,δενδρυάζειν,εἰς δρεῖς καταδύεσθαι
b_5553899179,3.EBE1082,EBE1082_064_45r,8,δεινουμένην,πατουμένη
b_5553899179,3.EBE1082,EBE1082_064_45r,9,δεινοπαθεῖ,δεινῶς ἔχει
b_5553899179,3.EBE1082,EBE1082_065_45v,1,δημοβόρος,ὁ τὰ δημόσια ἐσθίω(ν)
b_5553899179,3.EBE1082,EBE1082_065_45v,10,δήμιος,κολάζων τους παρανόμους
b_5553899179,3.EBE1082,EBE1082_065_45v,11,δημογέροντες,οἱ τοῦ δήμου ἐντιμώτ(ατοι)
b_5553899179,3.EBE1082,EBE1082_065_45v,12,δησέρτωρ,λειποτάκτης
b_5553899179,3.EBE1082,EBE1082_065_45v,13,δηΐς,ἡ μάχη
b_5553899179,3.EBE1082,EBE1082_065_45v,14,δημοτελής,ἡ δημοσία
b_5553899179,3.EBE1082,EBE1082_065_45v,15,δήμευσις,ἡ ἀρπαγή
b_5553899179,3.EBE1082,EBE1082_065_45v,16,δήρις,φιλονι<ει>κία| μάχη
b_5553899179,3.EBE1082,EBE1082_065_45v,17,δηλαϊστή,ἀθλία| ἐλεεινή
b_5553899179,3.EBE1082,EBE1082_065_45v,18,δηῶ,ἡ γῆ
b_5553899179,3.EBE1082,EBE1082_065_45v,19,[δ]ηλητήρι(ον),φάρμακον
b_5553899179,3.EBE1082,EBE1082_065_45v,2,δημαγωγός,ὁ ἄρχων τοῦ δήμου
b_5553899179,3.EBE1082,EBE1082_065_45v,20,δῆλον,φανερόν
b_5553899179,3.EBE1082,EBE1082_065_45v,21,δημοδέστερ(ον),ἀσχημονέστερον
b_5553899179,3.EBE1082,EBE1082_065_45v,22,δηναιόν,τὸ ἐνιαύσιον
b_5553899179,3.EBE1082,EBE1082_065_45v,23,ἃ ὁ δῆμος πιπράσκει,ἃ ὁ δῆμος πιπράσκει
b_5553899179,3.EBE1082,EBE1082_065_45v,24,δήξω,λυπήσω
b_5553899179,3.EBE1082,EBE1082_065_45v,25,δὴ οὖν,ἀφανίζει| πορθεῖ
b_5553899179,3.EBE1082,EBE1082_065_45v,26,δηθύνω,τὸ βραδύνω
b_5553899179,3.EBE1082,EBE1082_065_45v,27,δήετε,εὑρήσεται
b_5553899179,3.EBE1082,EBE1082_065_45v,28,δηΐων,διακόπτων
b_5553899179,3.EBE1082,EBE1082_065_45v,3,δημϊουργός,ὁ τα πάντα
b_5553899179,3.EBE1082,EBE1082_065_45v,4,δῆλοι,ὁράσεις| ἐνύπνια
b_5553899179,3.EBE1082,EBE1082_065_45v,5,δηλήμων,βλαπτικός
b_5553899179,3.EBE1082,EBE1082_065_45v,6,δημοφελής,ὁ τὸν δῆμον ὠφελ(ῶν)
b_5553899179,3.EBE1082,EBE1082_065_45v,7,δημαιὸς,ὁ πολυχρόνιος
b_5553899179,3.EBE1082,EBE1082_065_45v,8,δηλάτωρ,ὁ κατήγορος
b_5553899179,3.EBE1082,EBE1082_065_45v,9,δημελέητο(ς),ἐλεεινός
b_5553899179,3.EBE1082,EBE1082_065_46r,1,δημηγορῆσαι,ῥητορεῦσαι| ἐν δῆμω λαλῆσαι
b_5553899179,3.EBE1082,EBE1082_065_46r,10,δήπου,ὡς δή
b_5553899179,3.EBE1082,EBE1082_065_46r,11,δήγμα,σπάραγμα ὀδόντων
b_5553899179,3.EBE1082,EBE1082_065_46r,12,δηνάριον,εἶδος ἀργυρίου ὁλιγοτοῦ
b_5553899179,3.EBE1082,EBE1082_065_46r,13,διαβούλια,τὰ ἐκ λογισμ(ῶν) ἀτόπ(ων) πταίσμ(α)τ(α)
b_5553899179,3.EBE1082,EBE1082_065_46r,14,διαβαίνει,διαπερᾶ
b_5553899179,3.EBE1082,EBE1082_065_46r,15,διαβούλομαι,ἀναπείσω
b_5553899179,3.EBE1082,EBE1082_065_46r,16,διαβεβαιοῦται,διορίζεται
b_5553899179,3.EBE1082,EBE1082_065_46r,17,διαβάσκεται,περιέχεται
b_5553899179,3.EBE1082,EBE1082_065_46r,18,δια βραχέος,ἐν συντόμω
b_5553899179,3.EBE1082,EBE1082_065_46r,19,διαγνώμων,ὁ διαγινώσκων
b_5553899179,3.EBE1082,EBE1082_065_46r,2,δημοσιεύωμαι,δωρεὰν ἐργάζομαι
b_5553899179,3.EBE1082,EBE1082_065_46r,20,διαγγελεῖ,διαδράμει
b_5553899179,3.EBE1082,EBE1082_065_46r,21,διάγνωθι,νόησον
b_5553899179,3.EBE1082,EBE1082_065_46r,22,διαγορεύει,δεσπίζει
b_5553899179,3.EBE1082,EBE1082_065_46r,23,διαγγελλομένους,παραλευομένους
b_5553899179,3.EBE1082,EBE1082_065_46r,24,διαγκωνισάμ(εν)ο(ς),ἐπαγκῶνος| καθίσ(ας)
b_5553899179,3.EBE1082,EBE1082_065_46r,25,διαδιδράσκεται,διαφεύγεται
b_5553899179,3.EBE1082,EBE1082_065_46r,26,διάδημα,βασιλέως σύμβολον
b_5553899179,3.EBE1082,EBE1082_065_46r,27,διαδρᾶναι,διαφυγεῖν
b_5553899179,3.EBE1082,EBE1082_065_46r,28,διαπρύσιος,μέγας διαβόητος
b_5553899179,3.EBE1082,EBE1082_065_46r,3,δηριγευόμ(εν)ο(ς),ἀψικευόμ(εν)ο(ς)
b_5553899179,3.EBE1082,EBE1082_065_46r,4,δημοῦσθαι,παίζειν
b_5553899179,3.EBE1082,EBE1082_065_46r,5,δῆθεν,μήπουθεν
b_5553899179,3.EBE1082,EBE1082_065_46r,6,δηλαδὴ,ἐξάπαντος| φανερ(ῶς)
b_5553899179,3.EBE1082,EBE1082_065_46r,7,δηθά,ἐπὶ πολὺν χρόνον
b_5553899179,3.EBE1082,EBE1082_065_46r,8,δή,ἀντὶ τοῦ νῦν
b_5553899179,3.EBE1082,EBE1082_065_46r,9,δῆτα,λοιπὸν| ἢ οὕτως
b_5553899179,3.EBE1082,EBE1082_066_46v,1,δίδραχμον,εἰσφορὰ συντέλεσας
b_5553899179,3.EBE1082,EBE1082_066_46v,10,διε<αι>ρεῖτο,διεμερίζετο
b_5553899179,3.EBE1082,EBE1082_066_46v,11,διάκτορος,ὁ τοὺς λόγους διάγω(ν)
b_5553899179,3.EBE1082,EBE1082_066_46v,12,διακείσομαι,διατεθήσομαι
b_5553899179,3.EBE1082,EBE1082_066_46v,13,διακενῆς,ματαίως
b_5553899179,3.EBE1082,EBE1082_066_46v,14,διακλῶν,διαθρύπτων
b_5553899179,3.EBE1082,EBE1082_066_46v,15,διακοσμισθεῖς,διαβασταχθείς
b_5553899179,3.EBE1082,EBE1082_066_46v,16,διακρίνεται,ἀμφιβάλλει
b_5553899179,3.EBE1082,EBE1082_066_46v,17,διάκρισιν,διαχύρησιν
b_5553899179,3.EBE1082,EBE1082_066_46v,18,διακρούεσθαι,ὑπερτίθεσθαι
b_5553899179,3.EBE1082,EBE1082_066_46v,19,διακραδαίνει,διασείσει
b_5553899179,3.EBE1082,EBE1082_066_46v,2,διδασκαλεῖ(ον),παίδευσις καὶ τὸ σχολί(ον)
b_5553899179,3.EBE1082,EBE1082_066_46v,20,διακέρσαι,διακόψαι
b_5553899179,3.EBE1082,EBE1082_066_46v,21,διακυκώσι,διὰ ταράττουσιν
b_5553899179,3.EBE1082,EBE1082_066_46v,22,διακλιμακίσ(ας),διαπαλαίσας
b_5553899179,3.EBE1082,EBE1082_066_46v,23,διάλημμα,διάστημα
b_5553899179,3.EBE1082,EBE1082_066_46v,24,διαμαρτεῖν,ἀποτυχεῖν
b_5553899179,3.EBE1082,EBE1082_066_46v,25,διαμερίσας,διελέσθαι
b_5553899179,3.EBE1082,EBE1082_066_46v,3,διάθεσις,"ἡ ποιὰ| τῶν προς τι τῆς ψυ
 χῆς ἔμμονος κίνησις"
b_5553899179,3.EBE1082,EBE1082_066_46v,4,διάθεσιν,σχῆμα| ἀγάπην
b_5553899179,3.EBE1082,EBE1082_066_46v,5,διάζευξις,χωρισμός
b_5553899179,3.EBE1082,EBE1082_066_46v,6,διαθέων,διατρέχων
b_5553899179,3.EBE1082,EBE1082_066_46v,7,διαθέσεις,"ἅ ἐστιν εὐκίνητα κ(αὶ) τα
 χὺ μεταβάλλον| οἶ(ον) θερμότ(ης)| καὶ ψύξϊς"
b_5553899179,3.EBE1082,EBE1082_066_46v,8,διαθέσθαι,ἀποδόσθαι
b_5553899179,3.EBE1082,EBE1082_066_46v,9,διαθήσεις,τιμωρήσεται
b_5553899179,3.EBE1082,EBE1082_066_47r,1,διαμπάξ,διόλου| διὰ παντός
b_5553899179,3.EBE1082,EBE1082_066_47r,10,διαπεράνας,τελειώσας
b_5553899179,3.EBE1082,EBE1082_066_47r,11,διαπυνθάνετο,διερωτά
b_5553899179,3.EBE1082,EBE1082_066_47r,12,διαπείρεται,κεντᾶται| σουβλίζεται
b_5553899179,3.EBE1082,EBE1082_066_47r,13,διαπρήσει,ἱερᾶ
b_5553899179,3.EBE1082,EBE1082_066_47r,14,διαπτάντος,πετασθέντο(ς)
b_5553899179,3.EBE1082,EBE1082_066_47r,15,διαπρέψας,λαμπρὸφανείς
b_5553899179,3.EBE1082,EBE1082_066_47r,16,διαπύρω,θερμὴ ζεούση
b_5553899179,3.EBE1082,EBE1082_066_47r,17,διαπονηθείς,λυπηθείς
b_5553899179,3.EBE1082,EBE1082_066_47r,18,διαπήγϊον,στεφάνη
b_5553899179,3.EBE1082,EBE1082_066_47r,19,διάπυρος,θερμός
b_5553899179,3.EBE1082,EBE1082_066_47r,2,διάνοια,νοημάτων! διακριτικὴ δύναμις
b_5553899179,3.EBE1082,EBE1082_066_47r,20,δίαρμα,κούφισμα
b_5553899179,3.EBE1082,EBE1082_066_47r,21,διαρρεῖν,χαυνοῦσθαι
b_5553899179,3.EBE1082,EBE1082_066_47r,22,διαρτίσαι,ἀναπλάσαι
b_5553899179,3.EBE1082,EBE1082_066_47r,23,διαθροῦν,χωρίζειν
b_5553899179,3.EBE1082,EBE1082_066_47r,24,διαρρήδην,φανερῶς
b_5553899179,3.EBE1082,EBE1082_066_47r,25,διαρκῶς,ἀρκούντως| δαψιλῶς
b_5553899179,3.EBE1082,EBE1082_066_47r,26,διαρέουσαι,διαφθείρουσαι
b_5553899179,3.EBE1082,EBE1082_066_47r,27,διαρυεῖναι,διαφθαρεῖναι
b_5553899179,3.EBE1082,EBE1082_066_47r,3,διανηξάμ(εν)οι,κολυμβήσαντες
b_5553899179,3.EBE1082,EBE1082_066_47r,4,διανεῖμαι,διαδοῦναι
b_5553899179,3.EBE1082,EBE1082_066_47r,5,διανυκτερεύοντ(ες),ἀγρυπνοῦντες
b_5553899179,3.EBE1082,EBE1082_066_47r,6,διαπρύσιος,μέγας| διαβόητος
b_5553899179,3.EBE1082,EBE1082_066_47r,7,διαπρεπής,ἐπίσημος
b_5553899179,3.EBE1082,EBE1082_066_47r,8,διαπορθμεύειν,διακομίζειν
b_5553899179,3.EBE1082,EBE1082_066_47r,9,διαπληκτίζονται,διαμάχονται
b_5553899179,3.EBE1082,EBE1082_067_47v,1,διαρτᾶ,κρεμάζει
b_5553899179,3.EBE1082,EBE1082_067_47v,10,διατριβή,ἡ σχολή
b_5553899179,3.EBE1082,EBE1082_067_47v,11,διάτορον,ὁξύτερον
b_5553899179,3.EBE1082,EBE1082_067_47v,12,διατμῆξαι,διατεμεῖν
b_5553899179,3.EBE1082,EBE1082_067_47v,13,διατείνασθαι,φιλονικεῖν
b_5553899179,3.EBE1082,EBE1082_067_47v,14,διατεθρυμμ(έν)ο(ς),μαλακός
b_5553899179,3.EBE1082,EBE1082_067_47v,15,δίαυλος,ὁ ἀγών
b_5553899179,3.EBE1082,EBE1082_067_47v,16,διαφερόμ(εν)ο(ς),ἀ<μ>φιβάλλων
b_5553899179,3.EBE1082,EBE1082_067_47v,17,διαφοντοῦντ(ας),μὴ συμφωνοῦντ(ας)
b_5553899179,3.EBE1082,EBE1082_067_47v,18,διαφερόντως,ἐξαιρέτως
b_5553899179,3.EBE1082,EBE1082_067_47v,19,διαφρυκτοῦν,διαψηφίζειν
b_5553899179,3.EBE1082,EBE1082_067_47v,2,διασείσει,ταράσσει
b_5553899179,3.EBE1082,EBE1082_067_47v,20,διαφανῶς,συμφώνως
b_5553899179,3.EBE1082,EBE1082_067_47v,21,διαφύγαν(ον),διέφυγον
b_5553899179,3.EBE1082,EBE1082_067_47v,22,διαφορά,διάκρισις
b_5553899179,3.EBE1082,EBE1082_067_47v,23,διαφυγῶν,ἀποδρᾶς
b_5553899179,3.EBE1082,EBE1082_067_47v,24,διαχεῖν,χαυνοῦσθαι
b_5553899179,3.EBE1082,EBE1082_067_47v,25,διαχειρίζεται,διαφονεύει
b_5553899179,3.EBE1082,EBE1082_067_47v,26,διάχυσις,χαρά| τέρψις
b_5553899179,3.EBE1082,EBE1082_067_47v,27,διαψεύδομαι,χευάζω
b_5553899179,3.EBE1082,EBE1082_067_47v,3,διάστασις,διαμερισμός
b_5553899179,3.EBE1082,EBE1082_067_47v,4,διασκιδνᾶται,σκορπίζεται
b_5553899179,3.EBE1082,EBE1082_067_47v,5,διαστέλλων,διαχωρίζων
b_5553899179,3.EBE1082,EBE1082_067_47v,6,διαστιχόντ(ας),διαπορευομένους
b_5553899179,3.EBE1082,EBE1082_067_47v,7,διαστολή,λύτρωσις
b_5553899179,3.EBE1082,EBE1082_067_47v,8,διασαφεῖ,φανεροποιεῖ
b_5553899179,3.EBE1082,EBE1082_067_47v,9,διασπᾶν,διαίρειν
b_5553899179,3.EBE1082,EBE1082_067_48r,1,διειδές,λαμπρ(ὸν)| καθαρ(όν)
b_5553899179,3.EBE1082,EBE1082_067_48r,10,διεντεύξεως,δια παρακλήσεως
b_5553899179,3.EBE1082,EBE1082_067_48r,11,δεξιῶ,λέγω διηγούμενος
b_5553899179,3.EBE1082,EBE1082_067_48r,12,διἐθρύβη,διετρίβη
b_5553899179,3.EBE1082,EBE1082_067_48r,13,διέγνωκα,κέκρικα
b_5553899179,3.EBE1082,EBE1082_067_48r,14,διεἰληφότ(ες),κομήσαντες
b_5553899179,3.EBE1082,EBE1082_067_48r,15,διεκρούσατο,ὑπάτησεν
b_5553899179,3.EBE1082,EBE1082_067_48r,16,διελήλυθ(εν,παρελήλυθ(εν)
b_5553899179,3.EBE1082,EBE1082_067_48r,17,διέξοδος,ὅθεν ἐκπορεύεται
b_5553899179,3.EBE1082,EBE1082_067_48r,18,διέξοδος,ὅθεν ἐκπορεύεται
b_5553899179,3.EBE1082,EBE1082_067_48r,19,διἐξοδικῶς,[[ὅθ(εν) ἐκπορεύεται]] πλατέως
b_5553899179,3.EBE1082,EBE1082_067_48r,2,διειλημμέν(ας),περὶ γραφομέν(ας)
b_5553899179,3.EBE1082,EBE1082_067_48r,20,διέξεισιν,διἐξέρχεται
b_5553899179,3.EBE1082,EBE1082_067_48r,21,διέπει,διοικεῖ
b_5553899179,3.EBE1082,EBE1082_067_48r,22,διέπεσ(εν),ἐσφάλην| <απέθαν(εν)>
b_5553899179,3.EBE1082,EBE1082_067_48r,23,διεπρίοντο,ἐθυμοῦντο| <ετριζον>
b_5553899179,3.EBE1082,EBE1082_067_48r,24,διεσάφησαν,ἐρμήνευσαν
b_5553899179,3.EBE1082,EBE1082_067_48r,25,διἐσκευασμ(έν)οι,ἔνοπλοι εἰς πόλεμ(ον)
b_5553899179,3.EBE1082,EBE1082_067_48r,26,διεὐθετῶ,καλῶς διοικῶ
b_5553899179,3.EBE1082,EBE1082_067_48r,27,διεὐκρινήσ(ας),σαφηνίας
b_5553899179,3.EBE1082,EBE1082_067_48r,28,διεὐκρινήσαμ(εν),διακρίναντες
b_5553899179,3.EBE1082,EBE1082_067_48r,29,δίαυλος,μέτρ(ον) πηχ(ῶν) διακοσί(ων)
b_5553899179,3.EBE1082,EBE1082_067_48r,3,δίειμι,διέρχομαι
b_5553899179,3.EBE1082,EBE1082_067_48r,4,δίεισι,διέρχεται
b_5553899179,3.EBE1082,EBE1082_067_48r,5,διέλιπ(εν),ἀντὶ τοῦ ἀφῆκ(εν)
b_5553899179,3.EBE1082,EBE1082_067_48r,6,διέθη,διέτρεχεν
b_5553899179,3.EBE1082,EBE1082_067_48r,7,διἐνήνοχ(εν),παραλλάττει
b_5553899179,3.EBE1082,EBE1082_067_48r,8,διελέσθαι,διαμερίσασθαι
b_5553899179,3.EBE1082,EBE1082_067_48r,9,διένδειαν φρεν(ῶν),δια μωρίαν
b_5553899179,3.EBE1082,EBE1082_068_48v,1,διεφέροντο,ἐμάχοντο
b_5553899179,3.EBE1082,EBE1082_068_48v,10,διήρτισται,πέπλασται
b_5553899179,3.EBE1082,EBE1082_068_48v,11,διήνεγκαν,ὑπέμειναν
b_5553899179,3.EBE1082,EBE1082_068_48v,12,διήρετο,μεμέριστο
b_5553899179,3.EBE1082,EBE1082_068_48v,13,διΐσταται,διαχωρίζεται
b_5553899179,3.EBE1082,EBE1082_068_48v,14,διἰθύνων,κυβερνῶν
b_5553899179,3.EBE1082,EBE1082_068_48v,15,διἰκνούμ(εν)ο(ς),δϊερχόμ(εν)ο(ς)
b_5553899179,3.EBE1082,EBE1082_068_48v,16,διΐξομαι,διελεύσομαι
b_5553899179,3.EBE1082,EBE1082_068_48v,17,διἱππεύσ(αν)τες,διαδραμόντες
b_5553899179,3.EBE1082,EBE1082_068_48v,18,δικασπόλος,ὁ περι τ(ὰς) δίκ(ας) ἀναστρεφόμ(εν)ο(ς)
b_5553899179,3.EBE1082,EBE1082_068_48v,19,δικτάτωρ,παρα ρωμαίοις βασιλεὺς καλούμ(εν)ο(ς)
b_5553899179,3.EBE1082,EBE1082_068_48v,2,διέχει,ἀπάχει
b_5553899179,3.EBE1082,EBE1082_068_48v,20,δίκαιος,ὁ πᾶσ(αν) ἱσότητα τοῖς ὀμοεἰδέσι παρέχω(ν)$
b_5553899179,3.EBE1082,EBE1082_068_48v,21,δικαιοτήρια,ἡ ἐκεῖθ(εν) κόλασις
b_5553899179,3.EBE1082,EBE1082_068_48v,22,δικαιώματα,κρίσεις ἀληθινάς
b_5553899179,3.EBE1082,EBE1082_068_48v,23,δικρανές,τὸ δικέφαλον
b_5553899179,3.EBE1082,EBE1082_068_48v,24,δίκαιον,τὸ πρὸς ἀξί(αν) ἑκάστω τετιμημ(ένον)
b_5553899179,3.EBE1082,EBE1082_068_48v,25,δίκη,τιμωρία| ἢ πρόνια
b_5553899179,3.EBE1082,EBE1082_068_48v,26,διλίτης,κακοῦργος
b_5553899179,3.EBE1082,EBE1082_068_48v,27,διμελαί,οἱκέται λεπροί
b_5553899179,3.EBE1082,EBE1082_068_48v,28,δίνη,συστροφή
b_5553899179,3.EBE1082,EBE1082_068_48v,29,διελέσθαι σκῦλαι,διαμερίσασθαι κούρση
b_5553899179,3.EBE1082,EBE1082_068_48v,3,διἐψεύθη,ἐσφάλη
b_5553899179,3.EBE1082,EBE1082_068_48v,4,δίζω,τὸ ψηλαφὼ
b_5553899179,3.EBE1082,EBE1082_068_48v,5,διζήμ(εν)ο(ς),ζητούμ(εν)ο(ς)
b_5553899179,3.EBE1082,EBE1082_068_48v,6,διῆγεν,διῆλθεν
b_5553899179,3.EBE1082,EBE1082_068_48v,7,διῆκον,φθάνον
b_5553899179,3.EBE1082,EBE1082_068_48v,8,διήλασε,διεπέρασ(εν)
b_5553899179,3.EBE1082,EBE1082_068_48v,9,διημέρευσ(εν),πᾶσ(αν) ἐποίησ(εν) τ(ὴν) ἡμέρ(αν)
b_5553899179,3.EBE1082,EBE1082_068_49r,1,διφασία| διαλογία,"ἐκ τοῦ μὴ συμφωνεῖν τὰ λεγόμενα$>
δίναι! κύματα τῶν ὑδάτων"
b_5553899179,3.EBE1082,EBE1082_068_49r,10,διοριστέ(ον),διαχωρϊστέον
b_5553899179,3.EBE1082,EBE1082_068_49r,11,διόροφα,δίστεγα
b_5553899179,3.EBE1082,EBE1082_068_49r,12,διόνυσον,θέατρον
b_5553899179,3.EBE1082,EBE1082_068_49r,13,διογενής,εύγενής
b_5553899179,3.EBE1082,EBE1082_068_49r,14,δίπαλτον,τὸ δικίνητον
b_5553899179,3.EBE1082,EBE1082_068_49r,15,διπλοΐδα,διπλωμ(έν)η χλαμύδα
b_5553899179,3.EBE1082,EBE1082_068_49r,16,διστάζει,ἀπιστεῖ
b_5553899179,3.EBE1082,EBE1082_068_49r,17,διφασία,διλογία
b_5553899179,3.EBE1082,EBE1082_068_49r,18,δίφρος,τὸ ἅρμα| ἢ [[δι]]καθιστήρι(ον)
b_5553899179,3.EBE1082,EBE1082_068_49r,19,διφυής,ὁ δύο φύσεις ἔχων
b_5553899179,3.EBE1082,EBE1082_068_49r,2,διορία,προθεσμία
b_5553899179,3.EBE1082,EBE1082_068_49r,20,διφῶν,ψηλαφῶν
b_5553899179,3.EBE1082,EBE1082_068_49r,21,δίφωνος,δίγλωσσος
b_5553899179,3.EBE1082,EBE1082_068_49r,22,διχομηνία,τὸ ἤμισυ τῆς (σελήνης)
b_5553899179,3.EBE1082,EBE1082_068_49r,23,διχοτομήματα,σχίσματα
b_5553899179,3.EBE1082,EBE1082_068_49r,24,διχόθ(εν),ἐκ δύο μερῶν
b_5553899179,3.EBE1082,EBE1082_068_49r,25,διχιῶς,δίχα χωρίς
b_5553899179,3.EBE1082,EBE1082_068_49r,26,διψᾶται<ε>,ἐπιθυμεῖτε
b_5553899179,3.EBE1082,EBE1082_068_49r,27,διωρία,καιρός
b_5553899179,3.EBE1082,EBE1082_068_49r,28,διωρίζετο,διἐβεβαιοῦτο
b_5553899179,3.EBE1082,EBE1082_068_49r,29,διοθεῖτο,ἀπεκρούετο
b_5553899179,3.EBE1082,EBE1082_068_49r,3,διόπρα,κάτοπτρον
b_5553899179,3.EBE1082,EBE1082_068_49r,30,διοπτὴρ,οἰκονόμος
b_5553899179,3.EBE1082,EBE1082_068_49r,4,διόπρα,κάτοπτρον
b_5553899179,3.EBE1082,EBE1082_068_49r,5,διοίσομαι,διαφέρομαι
b_5553899179,3.EBE1082,EBE1082_068_49r,6,διολλύει,ἀπολλύει
b_5553899179,3.EBE1082,EBE1082_068_49r,7,δίοπος,ἐπίσκοπος
b_5553899179,3.EBE1082,EBE1082_068_49r,8,διοπετές,ἐξ οὐ(ρα)νοῦ κατερχό(μενον)
b_5553899179,3.EBE1082,EBE1082_068_49r,9,διοπτήρ,οἰκονόμος
b_5553899179,3.EBE1082,EBE1082_069_49v,1,διωκισμ(έν)ο(ς),κεχωρισμ(έν)ο(ς)
b_5553899179,3.EBE1082,EBE1082_069_49v,10,δνοφερός,σκοτεινός| μέλας
b_5553899179,3.EBE1082,EBE1082_069_49v,11,δνοπάλιξις,ἡ δια τ(ῶν) χειρ(ῶν) κίνησις
b_5553899179,3.EBE1082,EBE1082_069_49v,12,δοάζει,διστάζει
b_5553899179,3.EBE1082,EBE1082_069_49v,13,δόγματα,ψηφίσματα| κρίσεις
b_5553899179,3.EBE1082,EBE1082_069_49v,14,δογματίζει,θεολογεῖ
b_5553899179,3.EBE1082,EBE1082_069_49v,15,δόκησις,"τὸ μὴ ὂν| νομιζόμεν(ον) δε ὅ ἐ
 στιν φαντασία| σκιᾶ| ὄναρ"
b_5553899179,3.EBE1082,EBE1082_069_49v,16,δοκεῖ,οἴεται| νομίζει
b_5553899179,3.EBE1082,EBE1082_069_49v,17,δοκέων,νομίζων προσδοκῶν
b_5553899179,3.EBE1082,EBE1082_069_49v,18,δόγμα,ἔννοια περὶ θ(εο)ῦ ἀψευδής
b_5553899179,3.EBE1082,EBE1082_069_49v,19,δοιδυκίζω,τὸ ταράσσω
b_5553899179,3.EBE1082,EBE1082_069_49v,2,διόνυμ(ον),διαβόητον
b_5553899179,3.EBE1082,EBE1082_069_49v,20,δοκησίσοφος,ὁ οἰηματί(ας) ἥτοι ὁ κενόδοξος
b_5553899179,3.EBE1082,EBE1082_069_49v,21,δοκησίφρων,μωρόσοφος
b_5553899179,3.EBE1082,EBE1082_069_49v,22,δοκεῖ,νομίζει| οἴεται
b_5553899179,3.EBE1082,EBE1082_069_49v,23,δοκιμάζεις,κρίνεις
b_5553899179,3.EBE1082,EBE1082_069_49v,24,δοκεύει,ἐπὶτηρεῖ
b_5553899179,3.EBE1082,EBE1082_069_49v,25,δοκοῦντες,ἀρέσκοντες
b_5553899179,3.EBE1082,EBE1082_069_49v,3,διώρη,νίκος πολέμου
b_5553899179,3.EBE1082,EBE1082_069_49v,4,διώκησε,πέπρακεν
b_5553899179,3.EBE1082,EBE1082_069_49v,5,δμῶες,οἰ δούλοι
b_5553899179,3.EBE1082,EBE1082_069_49v,6,δμωΐς,θεράπενα |δούλη
b_5553899179,3.EBE1082,EBE1082_069_49v,7,δμῆσις,ἡ δάμασις
b_5553899179,3.EBE1082,EBE1082_069_49v,8,δμηκότες,δαμάσαντες
b_5553899179,3.EBE1082,EBE1082_069_49v,9,δμηθήτω,πρᾶος κ(αὶ) ἐπιεικ(εῖς) γενέσθ(αι)$
b_5553899179,3.EBE1082,EBE1082_069_50r,1,δοκιμασθεῖς,εἰς ἄνδρ(ας) εγραφείς
b_5553899179,3.EBE1082,EBE1082_069_50r,10,δολιχόδειρος,μακροτράχηλος
b_5553899179,3.EBE1082,EBE1082_069_50r,11,δόμησις,οἰκοδομή
b_5553899179,3.EBE1082,EBE1082_069_50r,12,δόματα,τὰ δωρήματα
b_5553899179,3.EBE1082,EBE1082_069_50r,13,δόμακες,καλάμια
b_5553899179,3.EBE1082,EBE1082_069_50r,14,δόνος,ἡ ταραχή
b_5553899179,3.EBE1082,EBE1082_069_50r,15,δονεῖ,ταράσσει
b_5553899179,3.EBE1082,EBE1082_069_50r,16,δόξα,"ὁ παρα πολλ(ῶν) ἔπαινος | ἢ γνώσις
 κατά περάτωσιν| διανοί(ας) ἐπιγινομένη"
b_5553899179,3.EBE1082,EBE1082_069_50r,17,δόξα,"δὲ ἡ ὄντως ἔπαινος | ἔπαινός
 τις ἀλήθεια<ῆς>| ἐάπλαστος τ(οῖς) ἀξί(οις) πρέπω(ν)$
δόξα! τὸ λογικὸν"
b_5553899179,3.EBE1082,EBE1082_069_50r,18,δόξα,τὸ λογικὸν μέρος τῆς ψυχῆς
b_5553899179,3.EBE1082,EBE1082_069_50r,19,δόξα,ἄσμα| ὡδῆ| αἶνος
b_5553899179,3.EBE1082,EBE1082_069_50r,2,δόλωνες,τὰ μεγάλα ἄρμενα
b_5553899179,3.EBE1082,EBE1082_069_50r,20,δοξάσαι,ὑπονοῆσαι
b_5553899179,3.EBE1082,EBE1082_069_50r,21,δόρπος,ὁ δεῖπνος
b_5553899179,3.EBE1082,EBE1082_069_50r,22,δορυάλωτος,"αἰχμάλωτος ἀπὸ πολέμου <ὑπὸ δό
					ρατος λη
					φθείς| τὸ γ(ὰρ) δόρυ αἰχμὴ λέγετ(αι)"
b_5553899179,3.EBE1082,EBE1082_069_50r,23,δορυφόρος,ὁπλοφόρος
b_5553899179,3.EBE1082,EBE1082_069_50r,24,δορά,δέρμα
b_5553899179,3.EBE1082,EBE1082_069_50r,25,δόρατα,λόγχαι| κοντάρια
b_5553899179,3.EBE1082,EBE1082_069_50r,26,δορυφορεῖν,τιμὴν περιποιεῖν
b_5553899179,3.EBE1082,EBE1082_069_50r,27,δουλιον ήμαρ,τὴν τῆς αἰχμαλωσί(ας) ἡμέρ(αν)
b_5553899179,3.EBE1082,EBE1082_069_50r,3,δόλοψ,ὁ κατάσκοπος
b_5553899179,3.EBE1082,EBE1082_069_50r,4,δόλος,κακοποιΐα λαθραία
b_5553899179,3.EBE1082,EBE1082_069_50r,5,δολοφρονέ(ων),δόλια φρονῶν
b_5553899179,3.EBE1082,EBE1082_069_50r,6,δολερῶς,δολίως
b_5553899179,3.EBE1082,EBE1082_069_50r,7,δολοχόν,λουβί(ον)| φασοῦλιν
b_5553899179,3.EBE1082,EBE1082_069_50r,8,δολιχεύουσιν,περιοδεύουσιν
b_5553899179,3.EBE1082,EBE1082_069_50r,9,δολιχόσκιον,μακρὸν ἢ μ(έ)γ(αν) κύκλον
b_5553899179,3.EBE1082,EBE1082_070_50v,1,δοῦρα,ξύλα
b_5553899179,3.EBE1082,EBE1082_070_50v,10,δούλι(ον),δουλικ(ὸν)
b_5553899179,3.EBE1082,EBE1082_070_50v,11,δοχή,τὸ ἄριστον
b_5553899179,3.EBE1082,EBE1082_070_50v,12,δράγματα,αἱ ἀπαρχαί
b_5553899179,3.EBE1082,EBE1082_070_50v,13,δράς,φυγ(ῶν) ἢ πράξ(ας)$
b_5553899179,3.EBE1082,EBE1082_070_50v,14,δρακάζεις,κρύπτεις
b_5553899179,3.EBE1082,EBE1082_070_50v,15,δράναι,φυγεῖν
b_5553899179,3.EBE1082,EBE1082_070_50v,16,δράμα,ἀπόκρισις| συσκευῆ
b_5553899179,3.EBE1082,EBE1082_070_50v,17,δραματουργία,πλάσις ψευδής
b_5553899179,3.EBE1082,EBE1082_070_50v,18,δραξάμ(εν)ο(ς),κρατήσας
b_5553899179,3.EBE1082,EBE1082_070_50v,19,δρὰξ,ἡ παλάμη
b_5553899179,3.EBE1082,EBE1082_070_50v,2,δοχμήν,σπιθαμήν
b_5553899179,3.EBE1082,EBE1082_070_50v,20,δραπανηφόρο(ς),ξιφιφόρος
b_5553899179,3.EBE1082,EBE1082_070_50v,21,δραπετεύσ(ας),φυγῶν
b_5553899179,3.EBE1082,EBE1082_070_50v,22,δραστήριος,ἐνεργός| ἐργατικός
b_5553899179,3.EBE1082,EBE1082_070_50v,23,δράστινες,θεράποντ(ες)|διάκονοι
b_5553899179,3.EBE1082,EBE1082_070_50v,24,δραστίνωρ,μάγειρος| ὁψοποιός
b_5553899179,3.EBE1082,EBE1082_070_50v,25,δραχμαὶ ἑκατὸν,ποιοῦσι μίαν μνᾶν
b_5553899179,3.EBE1082,EBE1082_070_50v,26,δρεπόμ(εν)οι,τρυγόντες| θερίζοντ(ες)
b_5553899179,3.EBE1082,EBE1082_070_50v,27,δρεφθῆναι,τρυγηθῆναι
b_5553899179,3.EBE1082,EBE1082_070_50v,28,δρέψασθαι,τρυγῆσαι| λαβεῖν
b_5553899179,3.EBE1082,EBE1082_070_50v,29,δρῆσται,οἱ οἰκέται
b_5553899179,3.EBE1082,EBE1082_070_50v,3,δοτήρ,χωρηγός| πάροχο(ς)
b_5553899179,3.EBE1082,EBE1082_070_50v,30,δρίξ,στρούθος
b_5553899179,3.EBE1082,EBE1082_070_50v,31,δρϊμύς,ὁξύς
b_5553899179,3.EBE1082,EBE1082_070_50v,32,δρομάδην,μετα δρόμου
b_5553899179,3.EBE1082,EBE1082_070_50v,33,δρᾶμα,"πρᾶγμα| ὡς καὶ δράσαι τὸ πράξαι| λέγετ(αι) (δὲ) 
 δράμα| κ(αὶ) τὸ ὑπὸ τῶν θεατρικῶν μϊμητικῶς γινόμε"
b_5553899179,3.EBE1082,EBE1082_070_50v,4,δοῦλος,ὄργανον ἔμψυχον
b_5553899179,3.EBE1082,EBE1082_070_50v,5,δουλιονίμερ(ον),τ(ὴν) τῆς αἰχμαλωσί(ας) ἡμέρ(αν)
b_5553899179,3.EBE1082,EBE1082_070_50v,7,δουλωσάμ(εν)ο(ς),ἀποταξάμ(εν)ο(ς)
b_5553899179,3.EBE1082,EBE1082_070_50v,8,δοχή,τὸ ἄριστον
b_5553899179,3.EBE1082,EBE1082_070_50v,9,δόχμιον,πλάγιον
