BookID,BookName,PageName,IDAnnot,DefinitionTranscription
b_5553899179,3.EBE1082,EBE1082_066_47r,16,θερμὴ ζεούση
b_5553899179,3.EBE1082,EBE1082_070_50v,31,ὁξύς
b_5553899179,3.EBE1082,EBE1082_061_42r,1,συνεφία δεινὸς ἄνεμος
b_5553899179,3.EBE1082,EBE1082_054_34v,11,δευσοποιός
b_5553899179,3.EBE1082,EBE1082_063_44r,21,ὁ φόβος
b_5553899179,3.EBE1082,EBE1082_060_40v,9,μετα χαρᾶς
b_5553899179,3.EBE1082,EBE1082_059_39v,31,οἱ κεφαλαὶ τ(ῶν) σκορόδων
b_5553899179,3.EBE1082,EBE1082_053_34r,23,φθονερός
b_5553899179,3.EBE1082,EBE1082_050_30v,25,ἐπαιρόμενος
b_5553899179,3.EBE1082,EBE1082_058_38v,24,ὄργαν(ον) τιμωριτικ(όν)
b_5553899179,3.EBE1082,EBE1082_067_48r,7,παραλλάττει
b_5553899179,3.EBE1082,EBE1082_066_47r,22,ἀναπλάσαι
b_5553899179,3.EBE1082,EBE1082_057_37v,10,ὁ ἰσχϋρὸ(ς) κ(αὶ) δυνατὸ(ς) τ(ὴν) χεῖρα
b_5553899179,3.EBE1082,EBE1082_069_49v,8,δαμάσαντες
b_5553899179,3.EBE1082,EBE1082_062_42v,20,θηλυνόμ(εν)ο(ς)
b_5553899179,3.EBE1082,EBE1082_053_34r,15,στήριγμα
b_5553899179,3.EBE1082,EBE1082_070_50v,13,φυγ(ῶν) ἢ πράξ(ας)$
b_5553899179,3.EBE1082,EBE1082_068_49r,20,ψηλαφῶν
b_5553899179,3.EBE1082,EBE1082_059_40r,2,παρα τὸ γείνω τὸ γεννῶ
b_5553899179,3.EBE1082,EBE1082_065_46r,1,ῥητορεῦσαι| ἐν δῆμω λαλῆσαι
b_5553899179,3.EBE1082,EBE1082_052_32v,23,μαλακός
b_5553899179,3.EBE1082,EBE1082_063_43v,17,ἀναβοῶ
b_5553899179,3.EBE1082,EBE1082_049_30r,15,λαγωοί
b_5553899179,3.EBE1082,EBE1082_058_39r,25,εὐγενεστάτους
b_5553899179,3.EBE1082,EBE1082_065_45v,6,ὁ τὸν δῆμον ὠφελ(ῶν)
b_5553899179,3.EBE1082,EBE1082_059_40r,15,χρόνος| καιρός
b_5553899179,3.EBE1082,EBE1082_061_41v,11,ἀπάτη<α>| φαρμακεία
b_5553899179,3.EBE1082,EBE1082_052_32v,14,σκοτία| μεσονύκτιο(ν)
b_5553899179,3.EBE1082,EBE1082_064_45r,13,ἀντὶ τοῦ ἔλθε
b_5553899179,3.EBE1082,EBE1082_050_31r,27,"! γηράσαντι| ὑπὲρ βε
[[ἀ]]βηκότι| τ(ὴν) ἤβην| ἥγ(ουν) τ(ὴν) νεότηταν"
b_5553899179,3.EBE1082,EBE1082_068_48v,26,κακοῦργος
b_5553899179,3.EBE1082,EBE1082_050_30v,10,αὐτῆ τῆ νυκτί
b_5553899179,3.EBE1082,EBE1082_058_38v,8,πόλις κοίλης συρί(ας)| ἢ ἀντιοχί(ας)
b_5553899179,3.EBE1082,EBE1082_056_36v,12,κῆπον σημαίνει
b_5553899179,3.EBE1082,EBE1082_058_39r,15,φωνῶ
b_5553899179,3.EBE1082,EBE1082_060_41r,6,τὸ ἡδὺ ἐν τῶ ὁρᾶν
b_5553899179,3.EBE1082,EBE1082_065_46r,9,λοιπὸν| ἢ οὕτως
b_5553899179,3.EBE1082,EBE1082_053_34r,12,ἐπινίκι(ον)| ἀμοιβή| ἔπαθλ(ον)
b_5553899179,3.EBE1082,EBE1082_061_42r,23,ἡ λαμπάς
b_5553899179,3.EBE1082,EBE1082_061_41v,20,στρογγύλον
b_5553899179,3.EBE1082,EBE1082_060_40v,10,φθαρτῶς
b_5553899179,3.EBE1082,EBE1082_054_34v,24,ἐπορεύθη
b_5553899179,3.EBE1082,EBE1082_062_43r,10,τὸ χωρῶ
b_5553899179,3.EBE1082,EBE1082_059_40r,23,σπάθη| ξίφος
b_5553899179,3.EBE1082,EBE1082_065_45v,17,ἀθλία| ἐλεεινή
b_5553899179,3.EBE1082,EBE1082_066_46v,8,ἀποδόσθαι
b_5553899179,3.EBE1082,EBE1082_065_46r,6,ἐξάπαντος| φανερ(ῶς)
b_5553899179,3.EBE1082,EBE1082_055_36r,2,ὁ εἰς θ(εό)ν ὑβρίζων
b_5553899179,3.EBE1082,EBE1082_067_48r,26,καλῶς διοικῶ
b_5553899179,3.EBE1082,EBE1082_057_38r,2,βάλλει τρυφᾶ
b_5553899179,3.EBE1082,EBE1082_065_45v,5,βλαπτικός
b_5553899179,3.EBE1082,EBE1082_056_37r,26,"ὅτ(αν) κοχλάζη| μετὰ κινήμ(α)το(ς)|
 ἐκτεναγμός δὲ| ὅτ(αν) ἀναρριπτῆται"
b_5553899179,3.EBE1082,EBE1082_066_47r,25,ἀρκούντως| δαψιλῶς
b_5553899179,3.EBE1082,EBE1082_051_32r,26,ἀναιδές
b_5553899179,3.EBE1082,EBE1082_055_36r,8,ἔθνος βαρβαρικόν
b_5553899179,3.EBE1082,EBE1082_065_45v,14,ἡ δημοσία
b_5553899179,3.EBE1082,EBE1082_056_37r,2,χλεύης
b_5553899179,3.EBE1082,EBE1082_064_45r,20,"τὰ σημὰ τῶν ὀρῶν| εἰ μ(ὲν) τὰς
 νάπας| οἱ δὲ φάραγγας"
b_5553899179,3.EBE1082,EBE1082_063_44r,1,"οὐσία λογικῆ| ἀθάνατος|
 κατα γνώμην πάσης ἀγαθοεργί(ας)
 ἐστερημ(έν)η"
b_5553899179,3.EBE1082,EBE1082_067_47v,20,συμφώνως
b_5553899179,3.EBE1082,EBE1082_052_33r,13,ἡδύς
b_5553899179,3.EBE1082,EBE1082_057_37v,21,γηγενής| ἄν(θρωπ)ος| θνητός
b_5553899179,3.EBE1082,EBE1082_053_34r,7,δυσβάστακτον
b_5553899179,3.EBE1082,EBE1082_053_33v,10,στῆθος
b_5553899179,3.EBE1082,EBE1082_059_39v,17,σιαγόνα
b_5553899179,3.EBE1082,EBE1082_057_37v,24,ὁ βεβρωμένος
b_5553899179,3.EBE1082,EBE1082_055_36r,9,γαυριᾶ
b_5553899179,3.EBE1082,EBE1082_051_32r,13,βάρος
b_5553899179,3.EBE1082,EBE1082_066_47r,13,ἱερᾶ
b_5553899179,3.EBE1082,EBE1082_059_39v,19,τὸ ἄροτρον
b_5553899179,3.EBE1082,EBE1082_064_44v,21,τὸ διαφθείρειν| ἐν χρήμασ(ιν)
b_5553899179,3.EBE1082,EBE1082_059_40r,12,ἐπιχαρής
b_5553899179,3.EBE1082,EBE1082_051_31v,8,ἱερόν
b_5553899179,3.EBE1082,EBE1082_055_36r,10,ἀσθενῆ| ἀδύναμα
b_5553899179,3.EBE1082,EBE1082_058_38v,12,γεωργός
b_5553899179,3.EBE1082,EBE1082_063_43v,14,λαγωός
b_5553899179,3.EBE1082,EBE1082_058_38v,13,γήϊνα| χθόνια
b_5553899179,3.EBE1082,EBE1082_063_43v,7,ξηρότατον
b_5553899179,3.EBE1082,EBE1082_068_48v,4,τὸ ψηλαφὼ
b_5553899179,3.EBE1082,EBE1082_066_46v,6,διατρέχων
b_5553899179,3.EBE1082,EBE1082_069_50r,24,δέρμα
b_5553899179,3.EBE1082,EBE1082_061_42r,24,τὸ βραχύ| τὸ τυχόν
b_5553899179,3.EBE1082,EBE1082_069_49v,14,θεολογεῖ
b_5553899179,3.EBE1082,EBE1082_050_30v,19,τράχηλος
b_5553899179,3.EBE1082,EBE1082_054_34v,2,φλυαρίαι
b_5553899179,3.EBE1082,EBE1082_053_33v,19,λέξις| φωνῆ| φήμη
b_5553899179,3.EBE1082,EBE1082_049_30r,22,αὐτόκλητος
b_5553899179,3.EBE1082,EBE1082_062_43r,13,διάκρισις
b_5553899179,3.EBE1082,EBE1082_063_43v,11,διακόψας
b_5553899179,3.EBE1082,EBE1082_064_44v,9,κλεπτοτρόφον
b_5553899179,3.EBE1082,EBE1082_054_35r,2,ἐπεπλήρωτο
b_5553899179,3.EBE1082,EBE1082_053_33v,18,πορευθέντες
b_5553899179,3.EBE1082,EBE1082_062_42v,14,οἱ εὐνοῦχοι
b_5553899179,3.EBE1082,EBE1082_049_30r,18,ὁ κατ’ ἐνιαυτόν
b_5553899179,3.EBE1082,EBE1082_061_41v,19,"τρεῖς γυναῖκες| αἱ 
 τὸ σοῦτον εἶχον τὰ πρόσωπα|
 φρικοὰ| κ(αὶ) φοβερὰ| ὡς τοὺς ὁ
 ρῶντας θνήσκειν|"
b_5553899179,3.EBE1082,EBE1082_058_39r,21,ἀλαζῶν
b_5553899179,3.EBE1082,EBE1082_056_37r,25,σαφῶς| συντόμως
b_5553899179,3.EBE1082,EBE1082_062_43r,1,θησαυροφυλάκι(ον)
b_5553899179,3.EBE1082,EBE1082_066_46v,21,διὰ ταράττουσιν
b_5553899179,3.EBE1082,EBE1082_058_39r,24,ὁ τὴν γῆν φυλάσσω(ν)
b_5553899179,3.EBE1082,EBE1082_058_38v,16,οἱ ἀρχητέκτονες
b_5553899179,3.EBE1082,EBE1082_055_36r,25,βοΐδια
b_5553899179,3.EBE1082,EBE1082_065_45v,10,κολάζων τους παρανόμους
b_5553899179,3.EBE1082,EBE1082_058_38v,21,φαιδρός| ἱλαρός
b_5553899179,3.EBE1082,EBE1082_061_41v,2,ἡ συνείδησις
b_5553899179,3.EBE1082,EBE1082_055_35v,10,ὁ διάδοχο(ς) παρα ῥωμαίοις
b_5553899179,3.EBE1082,EBE1082_049_30r,7,φύλακες
b_5553899179,3.EBE1082,EBE1082_064_45r,18,"τὰ κοιλώματα τῶν ὑδάτων
 ἐν τὼ βάθει| αἱ ἰλιγγώδεις ἐριστροφαί"
b_5553899179,3.EBE1082,EBE1082_050_31r,11,εὐθέως
b_5553899179,3.EBE1082,EBE1082_054_34v,5,φλύαρος
b_5553899179,3.EBE1082,EBE1082_069_50r,15,ταράσσει
b_5553899179,3.EBE1082,EBE1082_055_36r,12,ὁ ἰχθύς
b_5553899179,3.EBE1082,EBE1082_055_36r,22,μακρὰ| μεγάλη
b_5553899179,3.EBE1082,EBE1082_067_48r,27,σαφηνίας
b_5553899179,3.EBE1082,EBE1082_059_39v,30,προγόνοις προπάπποις
b_5553899179,3.EBE1082,EBE1082_058_39r,7,ἡ ἐπίκαμψις
b_5553899179,3.EBE1082,EBE1082_068_48v,18,ὁ περι τ(ὰς) δίκ(ας) ἀναστρεφόμ(εν)ο(ς)
b_5553899179,3.EBE1082,EBE1082_058_38v,17,κατακλυστὴ ἐρμηνεύεται
b_5553899179,3.EBE1082,EBE1082_050_31r,8,σκοτεινόν
b_5553899179,3.EBE1082,EBE1082_068_49r,25,δίχα χωρίς
b_5553899179,3.EBE1082,EBE1082_063_43v,3,ἡ μάχη| δακιβίζα| τόπο(ς)
b_5553899179,3.EBE1082,EBE1082_067_48r,6,διέτρεχεν
b_5553899179,3.EBE1082,EBE1082_060_40v,19,λυπαρός
b_5553899179,3.EBE1082,EBE1082_062_42v,6,τὸ ἐσθίω
b_5553899179,3.EBE1082,EBE1082_053_34r,14,αἰσχύνη
b_5553899179,3.EBE1082,EBE1082_051_31v,13,θυσία| καθιέρωσις
b_5553899179,3.EBE1082,EBE1082_067_47v,14,μαλακός
b_5553899179,3.EBE1082,EBE1082_065_45v,28,διακόπτων
b_5553899179,3.EBE1082,EBE1082_051_31v,11,ἄφωνος
b_5553899179,3.EBE1082,EBE1082_052_33r,22,ἐξεστηκυῖα
b_5553899179,3.EBE1082,EBE1082_064_45r,19,δύναμιν
b_5553899179,3.EBE1082,EBE1082_062_43r,5,ἐτίμα
b_5553899179,3.EBE1082,EBE1082_063_43v,16,ευωχεί<ϊ>α
b_5553899179,3.EBE1082,EBE1082_057_38r,17,ὁ βυθὸς παρὰ ἡροδότω
b_5553899179,3.EBE1082,EBE1082_055_36r,27,εἶδος μελίσσης
b_5553899179,3.EBE1082,EBE1082_067_48r,2,περὶ γραφομέν(ας)
b_5553899179,3.EBE1082,EBE1082_069_50r,4,κακοποιΐα λαθραία
b_5553899179,3.EBE1082,EBE1082_067_48r,21,διοικεῖ
b_5553899179,3.EBE1082,EBE1082_051_32r,16,ὁμίχλη| σκοτία
b_5553899179,3.EBE1082,EBE1082_055_35v,21,ὁ τα δημόσια ἀγοράζων
b_5553899179,3.EBE1082,EBE1082_069_49v,18,ἔννοια περὶ θ(εο)ῦ ἀψευδής
b_5553899179,3.EBE1082,EBE1082_057_38r,19,τὸ ἀσφαλίζω
b_5553899179,3.EBE1082,EBE1082_059_39v,25,στρωτηρίδια
b_5553899179,3.EBE1082,EBE1082_067_48r,10,δια παρακλήσεως
b_5553899179,3.EBE1082,EBE1082_058_39r,3,ὁ ἐπὶ τρεπὲς βλέπ(ων)
b_5553899179,3.EBE1082,EBE1082_062_42v,5,προσφωνῶ
b_5553899179,3.EBE1082,EBE1082_062_43r,11,τὸ χωρῶ
b_5553899179,3.EBE1082,EBE1082_067_48r,4,διέρχεται
b_5553899179,3.EBE1082,EBE1082_061_41v,1,ἡ ἀδελφή
b_5553899179,3.EBE1082,EBE1082_054_34v,23,ἀναβεβηκώς
b_5553899179,3.EBE1082,EBE1082_056_37r,16,ἄγρια λάχανα
b_5553899179,3.EBE1082,EBE1082_063_43v,2,πλουσιότης
b_5553899179,3.EBE1082,EBE1082_064_44v,17,φοβηθείς
b_5553899179,3.EBE1082,EBE1082_053_33v,15,ῥηγοῦν σφόδρα
b_5553899179,3.EBE1082,EBE1082_057_37v,1,μεγάλα φρονεῖ
b_5553899179,3.EBE1082,EBE1082_069_49v,10,σκοτεινός| μέλας
b_5553899179,3.EBE1082,EBE1082_050_31r,20,ἀπόλυσις
b_5553899179,3.EBE1082,EBE1082_051_32r,3,ἀναποδράστης
b_5553899179,3.EBE1082,EBE1082_061_42r,12,"οἱ ἔλληνες ἀπὸ κώμ(ης)
 τινός| ἢ ἀπο γραικοῦ τινός| καὶ γὰρ
 διὰ τὴν πολλὴν ἀνδρείαν| οὗτως οἱ ἔ
 λλ"
b_5553899179,3.EBE1082,EBE1082_056_36v,14,ἄνεμος ψυχρός
b_5553899179,3.EBE1082,EBE1082_061_42r,9,τοῖνυν
b_5553899179,3.EBE1082,EBE1082_053_34r,17,ἡ τοῦ βασιλέ(ως) γυνή
b_5553899179,3.EBE1082,EBE1082_063_44r,9,παραφύλαξ
b_5553899179,3.EBE1082,EBE1082_064_44v,13,δεῖ δέχεσθαι
b_5553899179,3.EBE1082,EBE1082_051_31v,22,ἀδιανοήτως
b_5553899179,3.EBE1082,EBE1082_054_35r,24,ὁ λίθος τοῦ δικαστηρίου
b_5553899179,3.EBE1082,EBE1082_053_34r,22,ἡ ἀρχὴ καὶ ἔννομος ἐπιστασία
b_5553899179,3.EBE1082,EBE1082_052_32v,1,ὡς ἰχωρος τοῦ σεσηπότο(ς) αἵματο(ς)
b_5553899179,3.EBE1082,EBE1082_051_32r,25,ὁ χ(ριστό)ς
b_5553899179,3.EBE1082,EBE1082_058_39r,20,ἀλαζῶν
b_5553899179,3.EBE1082,EBE1082_062_42v,9,σκεύη λεπτά
b_5553899179,3.EBE1082,EBE1082_069_49v,17,νομίζων προσδοκῶν
b_5553899179,3.EBE1082,EBE1082_069_49v,7,ἡ δάμασις
b_5553899179,3.EBE1082,EBE1082_054_35r,15,χρήζω| βιώσομαι
b_5553899179,3.EBE1082,EBE1082_063_44r,7,ὁ εὐσεβής
b_5553899179,3.EBE1082,EBE1082_058_38v,18,"ἡ πρώτη τροφὴ τοῦ ζώου|
 ὅπερ ἐκ μεταβολῆς γίνεται"
b_5553899179,3.EBE1082,EBE1082_049_30r,23,αὐτῆ τῆ ἡμέρα
b_5553899179,3.EBE1082,EBE1082_064_44v,12,χεῖρας γινομένης
b_5553899179,3.EBE1082,EBE1082_054_35r,8,τὰ βέλη
b_5553899179,3.EBE1082,EBE1082_070_50v,17,πλάσις ψευδής
b_5553899179,3.EBE1082,EBE1082_062_43r,2,μακροκέντης| ἢ κοντός
b_5553899179,3.EBE1082,EBE1082_057_38r,10,ὁ ἐν τῶ βυθῶ
b_5553899179,3.EBE1082,EBE1082_066_46v,15,διαβασταχθείς
b_5553899179,3.EBE1082,EBE1082_061_42r,13,δίσκολος| κ(αὶ) τὸ δίκτυον
b_5553899179,3.EBE1082,EBE1082_050_30v,26,εὔχομαι
b_5553899179,3.EBE1082,EBE1082_062_43r,7,δωρεάς| γέρας| ἀμοιβή| τιμή
b_5553899179,3.EBE1082,EBE1082_067_47v,7,λύτρωσις
b_5553899179,3.EBE1082,EBE1082_050_31r,10,προσκολλᾶν
b_5553899179,3.EBE1082,EBE1082_066_47r,9,διαμάχονται
b_5553899179,3.EBE1082,EBE1082_056_36v,8,βουκόλος
b_5553899179,3.EBE1082,EBE1082_066_46v,16,ἀμφιβάλλει
b_5553899179,3.EBE1082,EBE1082_062_43r,6,τιμ(ῶν)τ(ες)| εὐφημ(οῦν)τ(ες)| δο(ξά)ζο(ν)τ(ες)
b_5553899179,3.EBE1082,EBE1082_063_43v,22,παραδόξως
b_5553899179,3.EBE1082,EBE1082_065_46r,27,διαφυγεῖν
b_5553899179,3.EBE1082,EBE1082_058_38v,7,ἐρμηνεύεται θ(εό)ς καὶ ἄν(θρωπ)ος
b_5553899179,3.EBE1082,EBE1082_049_30r,26,αὐτοῖς
b_5553899179,3.EBE1082,EBE1082_065_45v,20,φανερόν
b_5553899179,3.EBE1082,EBE1082_050_31r,16,ὁ πλοῦτος
b_5553899179,3.EBE1082,EBE1082_051_31v,9,ἀνελεήμων
b_5553899179,3.EBE1082,EBE1082_054_34v,8,μωρός
b_5553899179,3.EBE1082,EBE1082_050_30v,9,κοσμοκράτωρ
b_5553899179,3.EBE1082,EBE1082_062_42v,22,ἀσκούμενος
b_5553899179,3.EBE1082,EBE1082_061_42r,18,ἡ σκευοθήκη
b_5553899179,3.EBE1082,EBE1082_057_38r,3,βυθϊζόμενον
b_5553899179,3.EBE1082,EBE1082_055_35v,15,σφοδρῶς
b_5553899179,3.EBE1082,EBE1082_070_50v,7,ἀποταξάμ(εν)ο(ς)
b_5553899179,3.EBE1082,EBE1082_068_48v,24,τὸ πρὸς ἀξί(αν) ἑκάστω τετιμημ(ένον)
b_5553899179,3.EBE1082,EBE1082_061_42r,7,κϊβωτός| λάρναξ
b_5553899179,3.EBE1082,EBE1082_050_30v,12,μέρος ἀρότρου
b_5553899179,3.EBE1082,EBE1082_052_33r,8,πλανητεύει
b_5553899179,3.EBE1082,EBE1082_059_39v,8,τὸ ζῶ(ον)| ἀπὸ τοῦ γ(ῆς) ἐρευν(ὰν) σπέρματα
b_5553899179,3.EBE1082,EBE1082_063_44r,4,εὔνους| ἀγαθός
b_5553899179,3.EBE1082,EBE1082_068_49r,19,ὁ δύο φύσεις ἔχων
b_5553899179,3.EBE1082,EBE1082_051_31v,7,ἀνέθηκε τῶ θ(ε)ῶ
b_5553899179,3.EBE1082,EBE1082_053_34r,21,τ(οὺς) ὀρθοδόξους ἱερ(εῖς) λέγ(ει)
b_5553899179,3.EBE1082,EBE1082_055_35v,23,ἐλπίδα ἔχων τοῦ ζῆσαι
b_5553899179,3.EBE1082,EBE1082_068_48v,6,διῆλθεν
b_5553899179,3.EBE1082,EBE1082_067_48r,15,ὑπάτησεν
b_5553899179,3.EBE1082,EBE1082_058_38v,14,τὸ κοντάριον
b_5553899179,3.EBE1082,EBE1082_069_50r,19,ἄσμα| ὡδῆ| αἶνος
b_5553899179,3.EBE1082,EBE1082_058_39r,10,γαμικὰ| ἀντὶ δώρα
b_5553899179,3.EBE1082,EBE1082_068_49r,17,διλογία
b_5553899179,3.EBE1082,EBE1082_057_37v,15,ὀργισθίης
b_5553899179,3.EBE1082,EBE1082_059_39v,2,μαντεία πε(ρὶ) τῆς γεννήσεως
b_5553899179,3.EBE1082,EBE1082_054_34v,4,ἡ πολυλογία
b_5553899179,3.EBE1082,EBE1082_059_39v,20,σιαγόσι
b_5553899179,3.EBE1082,EBE1082_066_46v,25,διελέσθαι
b_5553899179,3.EBE1082,EBE1082_063_44r,24,τὸ ποτήριον
b_5553899179,3.EBE1082,EBE1082_066_47r,14,πετασθέντο(ς)
b_5553899179,3.EBE1082,EBE1082_058_38v,23,ἰχθύς
b_5553899179,3.EBE1082,EBE1082_053_33v,3,"σχολαστὴς μὴ παρα
 μένων τῶ πράγματι αὐτοῦ"
b_5553899179,3.EBE1082,EBE1082_054_34v,18,μυσερός| ἀκάθαρτος
b_5553899179,3.EBE1082,EBE1082_065_45v,18,ἡ γῆ
b_5553899179,3.EBE1082,EBE1082_067_48r,12,διετρίβη
b_5553899179,3.EBE1082,EBE1082_068_49r,10,διαχωρϊστέον
b_5553899179,3.EBE1082,EBE1082_054_35r,3,βεβρυκία| δώρα
b_5553899179,3.EBE1082,EBE1082_060_40v,23,φλυαρία
b_5553899179,3.EBE1082,EBE1082_051_32r,23,ἄχρηστος| ὁ ἔσχατο(ς)
b_5553899179,3.EBE1082,EBE1082_051_32r,1,ὃ οὐκ ἔστιν ἐκφυγ(εῖν)
b_5553899179,3.EBE1082,EBE1082_069_49v,6,θεράπενα |δούλη
b_5553899179,3.EBE1082,EBE1082_050_31r,5,ἡ αροτρίαστος γῆ
b_5553899179,3.EBE1082,EBE1082_050_30v,23,σκοτεινός
b_5553899179,3.EBE1082,EBE1082_056_37r,20,ζεόντων καὶ καιομένω(ν)
b_5553899179,3.EBE1082,EBE1082_051_32r,19,ἄρχειν| προηγεῖσθαι
b_5553899179,3.EBE1082,EBE1082_068_49r,7,ἐπίσκοπος
b_5553899179,3.EBE1082,EBE1082_052_32v,8,προσεγγίσαι
b_5553899179,3.EBE1082,EBE1082_062_42v,13,τὸ δίκτυον
b_5553899179,3.EBE1082,EBE1082_064_44v,18,οἱκοδομήσ(αν)τες
b_5553899179,3.EBE1082,EBE1082_055_36r,23,παρουσία
b_5553899179,3.EBE1082,EBE1082_055_35v,25,μωρία| ὑπεροψία
b_5553899179,3.EBE1082,EBE1082_051_31v,23,ἀνεκδιήγητον
b_5553899179,3.EBE1082,EBE1082_062_42v,8,βαβισμός
b_5553899179,3.EBE1082,EBE1082_055_35v,24,μωρὸ(ς)| μὴ εἰδὼς τὰ πράγματα διακρί(ναι)
b_5553899179,3.EBE1082,EBE1082_064_44v,1,ἀπάτη| δόλος
b_5553899179,3.EBE1082,EBE1082_057_37v,7,ἔμβρι(ον)| νήπιον
b_5553899179,3.EBE1082,EBE1082_059_40r,9,τὸ ἀντλῶ
b_5553899179,3.EBE1082,EBE1082_064_44v,14,φοβούμενος
b_5553899179,3.EBE1082,EBE1082_068_49r,26,ἐπιθυμεῖτε
b_5553899179,3.EBE1082,EBE1082_066_46v,1,εἰσφορὰ συντέλεσας
b_5553899179,3.EBE1082,EBE1082_060_40v,20,κυανός| ἢ λευκός
b_5553899179,3.EBE1082,EBE1082_049_30r,13,αὔξησις
b_5553899179,3.EBE1082,EBE1082_068_49r,3,κάτοπτρον
b_5553899179,3.EBE1082,EBE1082_064_45r,2,δεδοκημ(έν)ο(ς)
b_5553899179,3.EBE1082,EBE1082_066_47r,3,κολυμβήσαντες
b_5553899179,3.EBE1082,EBE1082_069_49v,19,τὸ ταράσσω
b_5553899179,3.EBE1082,EBE1082_059_39v,12,περιήγησις
b_5553899179,3.EBE1082,EBE1082_066_47r,8,διακομίζειν
b_5553899179,3.EBE1082,EBE1082_069_49v,2,διαβόητον
b_5553899179,3.EBE1082,EBE1082_056_36v,3,εἶδος σκώληκος
b_5553899179,3.EBE1082,EBE1082_057_37v,16,τὸ ὀλίγ(ον) πόμα
b_5553899179,3.EBE1082,EBE1082_055_36r,5,παραλυτικός
b_5553899179,3.EBE1082,EBE1082_057_38r,7,μαίνεται ὁ λέων
b_5553899179,3.EBE1082,EBE1082_062_43r,8,ἀκροτήρι(ον)
b_5553899179,3.EBE1082,EBE1082_055_35v,26,ἀντί τοῦ βραδέως
b_5553899179,3.EBE1082,EBE1082_065_46r,22,δεσπίζει
b_5553899179,3.EBE1082,EBE1082_064_44v,23,μεμέρισται
b_5553899179,3.EBE1082,EBE1082_057_37v,26,αἷμα
b_5553899179,3.EBE1082,EBE1082_055_36r,16,ἀποστάζων τοῦ μέλιτο(ς)
b_5553899179,3.EBE1082,EBE1082_055_36r,26,ἐπίκουρος
b_5553899179,3.EBE1082,EBE1082_065_45v,2,ὁ ἄρχων τοῦ δήμου
b_5553899179,3.EBE1082,EBE1082_051_32r,27,τὸ πιτυρώδες τ(ῆς) κεφαλ(ῆς)
b_5553899179,3.EBE1082,EBE1082_064_45r,8,πατουμένη
b_5553899179,3.EBE1082,EBE1082_052_33r,12,ἀγαπῶ
b_5553899179,3.EBE1082,EBE1082_050_31r,13,ἀποσπᾶ
b_5553899179,3.EBE1082,EBE1082_051_32r,4,ἄφωνο(ς)| μὴ κεχηνῶς
b_5553899179,3.EBE1082,EBE1082_051_31v,24,σύνεφον
b_5553899179,3.EBE1082,EBE1082_060_40v,5,τὸ χλορὸν κρόμυον| κ(αὶ) τὸ ἀμπελόπρασον
b_5553899179,3.EBE1082,EBE1082_063_44r,14,ἡ βύρσα
b_5553899179,3.EBE1082,EBE1082_069_49v,23,κρίνεις
b_5553899179,3.EBE1082,EBE1082_059_39v,5,οἰ φράγγοι
b_5553899179,3.EBE1082,EBE1082_067_47v,10,ἡ σχολή
b_5553899179,3.EBE1082,EBE1082_049_30r,10,τὸ φωνιτικ(ὸν) ὄργαν(ον)$
b_5553899179,3.EBE1082,EBE1082_068_48v,25,τιμωρία| ἢ πρόνια
b_5553899179,3.EBE1082,EBE1082_060_40v,7,μικρὰ γῆ
b_5553899179,3.EBE1082,EBE1082_063_43v,15,αριστηταί| <σύνδειπνοι| ἐστιάτωρ (δὲ) ὁ τὸ ἄριστον ποι(ῶν)
b_5553899179,3.EBE1082,EBE1082_066_47r,26,διαφθείρουσαι
b_5553899179,3.EBE1082,EBE1082_059_39v,21,παλαι(ὸν) φυτόν
b_5553899179,3.EBE1082,EBE1082_056_36v,11,ἀπατεών
b_5553899179,3.EBE1082,EBE1082_066_46v,17,διαχύρησιν
b_5553899179,3.EBE1082,EBE1082_064_44v,26,έκφοβῶν
b_5553899179,3.EBE1082,EBE1082_062_42v,21,ἀκολασταίνω
b_5553899179,3.EBE1082,EBE1082_062_42v,18,ἡ τρϊβή
b_5553899179,3.EBE1082,EBE1082_055_35v,27,ὁ ἀγριόφθαλμος
b_5553899179,3.EBE1082,EBE1082_063_44r,11,δειλός
b_5553899179,3.EBE1082,EBE1082_065_45v,3,ὁ τα πάντα
b_5553899179,3.EBE1082,EBE1082_059_39v,26,δωρεάς
b_5553899179,3.EBE1082,EBE1082_051_31v,2,διηγεῖσθαι
b_5553899179,3.EBE1082,EBE1082_051_31v,25,δυσχερής| ἀμαθής
b_5553899179,3.EBE1082,EBE1082_049_30r,2,συντόμως
b_5553899179,3.EBE1082,EBE1082_056_36v,16,υἱοὶ βροντῆς
b_5553899179,3.EBE1082,EBE1082_070_50v,25,ποιοῦσι μίαν μνᾶν
b_5553899179,3.EBE1082,EBE1082_051_32r,21,καθαρ(ὸν)| ἀμίαντον
b_5553899179,3.EBE1082,EBE1082_053_34r,11,μικρὸς| ὁλίγος
b_5553899179,3.EBE1082,EBE1082_061_42r,3,τὰ τῶν ὑποκριτῶν προσωπεῖα
b_5553899179,3.EBE1082,EBE1082_060_40v,3,"ὁ προσδοκώμ(εν)ο(ς)
 βίος| ὡς τοῦ θανάτου κεχωρισμ(έν)ο(ς)|
 καὶ ἐλεύθερος λύπης"
b_5553899179,3.EBE1082,EBE1082_056_37r,3,ἄρτος| ἐλατός
b_5553899179,3.EBE1082,EBE1082_058_38v,3,ὁ βουκόλος
b_5553899179,3.EBE1082,EBE1082_067_47v,21,διέφυγον
b_5553899179,3.EBE1082,EBE1082_061_42r,10,μωρός| ἀνούστατος
b_5553899179,3.EBE1082,EBE1082_056_36v,25,πολύφάγος
b_5553899179,3.EBE1082,EBE1082_068_48v,12,μεμέριστο
b_5553899179,3.EBE1082,EBE1082_054_35r,22,βατήρι| ὁδῶ
b_5553899179,3.EBE1082,EBE1082_050_31r,3,ταχύτεροι
b_5553899179,3.EBE1082,EBE1082_052_33r,16,βαθυπώγων
b_5553899179,3.EBE1082,EBE1082_062_43r,12,ἔμπειροι
b_5553899179,3.EBE1082,EBE1082_068_48v,8,διεπέρασ(εν)
b_5553899179,3.EBE1082,EBE1082_059_40r,1,ὁ ἐξ ἄλλου ἔθν(ους) προ(σ)κολλώμ(εν)ο(ς) ἢ πρὁρυόμ(εν)ο(ς)
b_5553899179,3.EBE1082,EBE1082_070_50v,22,ἐνεργός| ἐργατικός
b_5553899179,3.EBE1082,EBE1082_068_49r,18,τὸ ἅρμα| ἢ [[δι]]καθιστήρι(ον)
b_5553899179,3.EBE1082,EBE1082_065_46r,26,βασιλέως σύμβολον
b_5553899179,3.EBE1082,EBE1082_062_42v,17,ἡ παλαίστρα
b_5553899179,3.EBE1082,EBE1082_049_30r,17,φωνήσας
b_5553899179,3.EBE1082,EBE1082_070_50v,14,κρύπτεις
b_5553899179,3.EBE1082,EBE1082_052_32v,9,ἀνυπόστακτος
b_5553899179,3.EBE1082,EBE1082_050_31r,21,μὴ φεισάμενος
b_5553899179,3.EBE1082,EBE1082_056_36v,13,ἦχος τοῦ ὕδατος
b_5553899179,3.EBE1082,EBE1082_051_31v,4,"οἱ τὴν μὲν ἤβην ὑπερ
 ἀναβάντες| ἤττους δὲ| ὥντα| καὶ ἐ
 ἑνιαυτὸν| ὧν προΐστασθαι οἱ κουράτορ(ες)"
b_5553899179,3.EBE1082,EBE1082_052_33r,2,γέφυρα
b_5553899179,3.EBE1082,EBE1082_061_41v,7,γνώμην δίδωμι
b_5553899179,3.EBE1082,EBE1082_058_38v,15,οἰ γαλάται
b_5553899179,3.EBE1082,EBE1082_066_46v,13,ματαίως
b_5553899179,3.EBE1082,EBE1082_058_39r,22,ὁ ἐξαλλοτρί ζῶν
b_5553899179,3.EBE1082,EBE1082_065_46r,12,εἶδος ἀργυρίου ὁλιγοτοῦ
b_5553899179,3.EBE1082,EBE1082_063_44r,10,ὁ ἄθλιος| ὁ ἐλεεινός
b_5553899179,3.EBE1082,EBE1082_059_39v,3,ὁ γεωργός
b_5553899179,3.EBE1082,EBE1082_057_38r,18,κόκκινον
b_5553899179,3.EBE1082,EBE1082_060_40v,8,ἐχάρη
b_5553899179,3.EBE1082,EBE1082_053_33v,9,μάρσεππος
b_5553899179,3.EBE1082,EBE1082_054_35r,20,εἶδος ὀρνέου
b_5553899179,3.EBE1082,EBE1082_058_38v,5,οἱ νομεῖς
b_5553899179,3.EBE1082,EBE1082_066_46v,5,χωρισμός
b_5553899179,3.EBE1082,EBE1082_063_43v,12,συνάγω
b_5553899179,3.EBE1082,EBE1082_065_46r,21,νόησον
b_5553899179,3.EBE1082,EBE1082_070_50v,30,στρούθος
b_5553899179,3.EBE1082,EBE1082_065_45v,15,ἡ ἀρπαγή
b_5553899179,3.EBE1082,EBE1082_050_31r,4,ὁ μὴ ἀρέσκων
b_5553899179,3.EBE1082,EBE1082_050_30v,6,ὁ αὐτοφάγος
b_5553899179,3.EBE1082,EBE1082_060_40v,16,"ἀντὶ τοῦ τιμᾶ| κ(α)τ(ὰ) τὸ εἰ
 ρημένον| παρὰ θ(εο)ῦ| πρὸς μωσῆ"
b_5553899179,3.EBE1082,EBE1082_061_41v,12,ὁ θρῆνος
b_5553899179,3.EBE1082,EBE1082_058_39r,17,"ὁ την γαστέρα μανιώδης|
 μαργαὶ γὰρ μαίνομαι"
b_5553899179,3.EBE1082,EBE1082_062_42v,15,οἱ φιλόσοφοι
b_5553899179,3.EBE1082,EBE1082_068_49r,21,δίγλωσσος
b_5553899179,3.EBE1082,EBE1082_049_30r,3,ἄνευ φωνῆς
b_5553899179,3.EBE1082,EBE1082_052_33r,4,τυρίων ἦν θεός
b_5553899179,3.EBE1082,EBE1082_050_30v,2,οἱ τι ἰδία χειρὶ φονεύοντ(ες) τιν(άς)
b_5553899179,3.EBE1082,EBE1082_051_32r,8,λίθος αγχῶν| τὸν μαργαρίτην
b_5553899179,3.EBE1082,EBE1082_057_38r,8,τρώγουσα καταισθίουσα
b_5553899179,3.EBE1082,EBE1082_051_32r,20,λύπη
b_5553899179,3.EBE1082,EBE1082_064_44v,25,δοῦναι δεκάτ(ας)
b_5553899179,3.EBE1082,EBE1082_065_46r,15,ἀναπείσω
b_5553899179,3.EBE1082,EBE1082_064_44v,20,βλέπειν
b_5553899179,3.EBE1082,EBE1082_058_38v,2,ἄποικοι
b_5553899179,3.EBE1082,EBE1082_070_50v,12,αἱ ἀπαρχαί
b_5553899179,3.EBE1082,EBE1082_055_36r,1,τὸ ἁμάρτημα
b_5553899179,3.EBE1082,EBE1082_070_50v,28,τρυγῆσαι| λαβεῖν
b_5553899179,3.EBE1082,EBE1082_053_33v,6,ὁδὸς ὑψηλή
b_5553899179,3.EBE1082,EBE1082_067_47v,1,κρεμάζει
b_5553899179,3.EBE1082,EBE1082_059_40r,6,ἔλαβεν
b_5553899179,3.EBE1082,EBE1082_068_49r,2,προθεσμία
b_5553899179,3.EBE1082,EBE1082_064_44v,3,καλόν| συμφέρον
b_5553899179,3.EBE1082,EBE1082_068_49r,24,ἐκ δύο μερῶν
b_5553899179,3.EBE1082,EBE1082_052_33r,1,βόρβορος| πηλός
b_5553899179,3.EBE1082,EBE1082_062_43r,21,πεποθημ(έν)ο(ς)
b_5553899179,3.EBE1082,EBE1082_049_30r,27,θεἀταί
b_5553899179,3.EBE1082,EBE1082_070_50v,21,φυγῶν
b_5553899179,3.EBE1082,EBE1082_058_39r,14,ἡ λεγομ(έν)η σταφυλή
b_5553899179,3.EBE1082,EBE1082_057_37v,22,ὁ τοῦ πϋρὸς ἦχος
b_5553899179,3.EBE1082,EBE1082_054_34v,21,άσφαλὲς ἑστῶς
b_5553899179,3.EBE1082,EBE1082_065_45v,23,ἃ ὁ δῆμος πιπράσκει
b_5553899179,3.EBE1082,EBE1082_063_44r,15,ἡ σκοτεινὴ νύξ
b_5553899179,3.EBE1082,EBE1082_063_44r,6,κατάφοβος
b_5553899179,3.EBE1082,EBE1082_069_49v,9,πρᾶος κ(αὶ) ἐπιεικ(εῖς) γενέσθ(αι)$
b_5553899179,3.EBE1082,EBE1082_064_45r,12,πρεπόντως
b_5553899179,3.EBE1082,EBE1082_053_34r,2,ὁ τὰς γυναῖκας βιαζόμ(εν)ο(ς)
b_5553899179,3.EBE1082,EBE1082_059_39v,15,ἡ ἐν τὼ δένδρω π(εν)πανθεῖσα ἐλαία
b_5553899179,3.EBE1082,EBE1082_062_43r,19,ὁ ἄγαν φόνιος
b_5553899179,3.EBE1082,EBE1082_060_40v,13,ἀνδρειότατος
b_5553899179,3.EBE1082,EBE1082_055_35v,9,ἐμβιβάσαντες
b_5553899179,3.EBE1082,EBE1082_063_44r,18,τὰ ἐγκοίτια στρώματα
b_5553899179,3.EBE1082,EBE1082_052_32v,19,αἱ γυναῖκες
b_5553899179,3.EBE1082,EBE1082_069_49v,25,ἀρέσκοντες
b_5553899179,3.EBE1082,EBE1082_059_39v,10,κίνησις κατουσί(αν)| ἐκ τοῦ μὴ ὄντο(ς)| εἰς τὸ ει(ναι)
b_5553899179,3.EBE1082,EBE1082_054_35r,10,κρεῖσσον| βέλτιον
b_5553899179,3.EBE1082,EBE1082_060_40v,2,παρατέρψις
b_5553899179,3.EBE1082,EBE1082_056_36v,21,πλόκαμοι| <τρίχες κλοσμ(έν)αι>
b_5553899179,3.EBE1082,EBE1082_059_39v,18,τὸ θεμέλιον
b_5553899179,3.EBE1082,EBE1082_068_49r,11,δίστεγα
b_5553899179,3.EBE1082,EBE1082_062_42v,24,γυμνότης
b_5553899179,3.EBE1082,EBE1082_055_36r,11,βαστάζει
b_5553899179,3.EBE1082,EBE1082_059_40r,11,κέχαρτο
b_5553899179,3.EBE1082,EBE1082_068_48v,3,ἐσφάλη
b_5553899179,3.EBE1082,EBE1082_067_48r,28,διακρίναντες
b_5553899179,3.EBE1082,EBE1082_063_43v,25,"ὁ ποικίλα κ(αὶ) ἐξαί
 σια τ(ῶν) χειρ(ῶν) ἐργάζόμενος"
b_5553899179,3.EBE1082,EBE1082_059_39v,16,"ἡ ἐκ τοῦ θ(εο)ῦ πρώτη πλάσις| ἐκ τοῦ
 μὴ ὄντος| παραγωγή"
b_5553899179,3.EBE1082,EBE1082_064_45r,1,δείξαντας
b_5553899179,3.EBE1082,EBE1082_054_35r,5,ἠχεῖ
b_5553899179,3.EBE1082,EBE1082_053_33v,21,μνησίκακος
b_5553899179,3.EBE1082,EBE1082_064_44v,2,παγίδες
b_5553899179,3.EBE1082,EBE1082_066_47r,23,χωρίζειν
b_5553899179,3.EBE1082,EBE1082_062_43r,16,μερισμός
b_5553899179,3.EBE1082,EBE1082_052_33r,17,ὁλίγον
b_5553899179,3.EBE1082,EBE1082_052_33r,24,ῥόπαλος| βακτηρία
b_5553899179,3.EBE1082,EBE1082_065_45v,12,λειποτάκτης
b_5553899179,3.EBE1082,EBE1082_070_50v,9,πλάγιον
b_5553899179,3.EBE1082,EBE1082_068_49r,30,οἰκονόμος
b_5553899179,3.EBE1082,EBE1082_056_37r,9,ἄγριος μέγας| βοῦς
b_5553899179,3.EBE1082,EBE1082_052_32v,4,ἀποστρέφων| εἰς τοῦ πίσω
b_5553899179,3.EBE1082,EBE1082_062_43r,14,συνετῶς
b_5553899179,3.EBE1082,EBE1082_064_44v,15,ἔδειξα
b_5553899179,3.EBE1082,EBE1082_062_42v,26,φωλεός| σπήλαιον
b_5553899179,3.EBE1082,EBE1082_061_41v,17,εἶδος μέτρου ἑβραϊκοῦ
b_5553899179,3.EBE1082,EBE1082_056_37r,21,ἄττα| ὁλίγα τινά
b_5553899179,3.EBE1082,EBE1082_049_30r,19,ἐπεὶ δέ| ἔπειτα
b_5553899179,3.EBE1082,EBE1082_068_49r,27,καιρός
b_5553899179,3.EBE1082,EBE1082_070_50v,24,μάγειρος| ὁψοποιός
b_5553899179,3.EBE1082,EBE1082_050_30v,3,αὐθαίρετος
b_5553899179,3.EBE1082,EBE1082_066_47r,19,θερμός
b_5553899179,3.EBE1082,EBE1082_058_38v,6,πάθος διαβρωτικ(ὸν) σαρκό(ς
b_5553899179,3.EBE1082,EBE1082_055_36r,18,ὑγρὸν| ζέον
b_5553899179,3.EBE1082,EBE1082_051_31v,19,"ἔξις| καθ’ ἣν ἀνέκπτω
τοι| ἐσμὲν πρὸς φόβον"
b_5553899179,3.EBE1082,EBE1082_061_41v,21,θρηνώδες| λυπηρόν
b_5553899179,3.EBE1082,EBE1082_053_34r,3,τὰ πλοῖα| οἱ πύργοι
b_5553899179,3.EBE1082,EBE1082_052_32v,10,ὁπισθόρμητο(ς)| τάχυρρο(ς)
b_5553899179,3.EBE1082,EBE1082_056_37r,23,λένα
b_5553899179,3.EBE1082,EBE1082_053_33v,20,ὄρυγμα| βάθος
b_5553899179,3.EBE1082,EBE1082_052_32v,20,τὸ ἀλογῶ
b_5553899179,3.EBE1082,EBE1082_052_32v,21,παρακαιρόν
b_5553899179,3.EBE1082,EBE1082_057_38r,5,τὰ τῆς σταφυλῆς| πιέσματα
b_5553899179,3.EBE1082,EBE1082_057_37v,5,ἀπειλοῦντι
b_5553899179,3.EBE1082,EBE1082_054_34v,17,φοβεῖται| τρέμει
b_5553899179,3.EBE1082,EBE1082_062_43r,3,ἐπὶ ἡδονῆ κιν(οῦν)τες
b_5553899179,3.EBE1082,EBE1082_067_48r,11,λέγω διηγούμενος
b_5553899179,3.EBE1082,EBE1082_051_32r,9,ὕδατα
b_5553899179,3.EBE1082,EBE1082_057_37v,8,ἰσχυροί| βαρεῖς
b_5553899179,3.EBE1082,EBE1082_065_46r,7,ἐπὶ πολὺν χρόνον
b_5553899179,3.EBE1082,EBE1082_054_34v,7,μνησίκακος
b_5553899179,3.EBE1082,EBE1082_054_34v,3,μαλακ(ῶς) κ(αὶ) αἰσχρῶ(ς) διάγειν
b_5553899179,3.EBE1082,EBE1082_061_41v,16,συγκλασμός
b_5553899179,3.EBE1082,EBE1082_052_32v,5,ἡ ἀλήθεια
b_5553899179,3.EBE1082,EBE1082_065_45v,11,οἱ τοῦ δήμου ἐντιμώτ(ατοι)
b_5553899179,3.EBE1082,EBE1082_061_42r,16,ὧς| ἤτοι| ἡ παλαιά σκρόφα
b_5553899179,3.EBE1082,EBE1082_069_49v,3,νίκος πολέμου
b_5553899179,3.EBE1082,EBE1082_066_47r,20,κούφισμα
b_5553899179,3.EBE1082,EBE1082_057_37v,20,γηγενής| ἄν(θρωπ)ος| θνητός
b_5553899179,3.EBE1082,EBE1082_056_37r,13,τροπικῶς| ἢ δύναμις
b_5553899179,3.EBE1082,EBE1082_069_50r,26,τιμὴν περιποιεῖν
b_5553899179,3.EBE1082,EBE1082_070_50v,1,ξύλα
b_5553899179,3.EBE1082,EBE1082_057_38r,1,"ἡ κάμπη| ἢ νεογενής| καὶ 
 ἄπειρος ἀκρίς"
b_5553899179,3.EBE1082,EBE1082_050_31r,23,πόρρω καθήμ(εν)ο(ς)$
b_5553899179,3.EBE1082,EBE1082_067_47v,8,φανεροποιεῖ
b_5553899179,3.EBE1082,EBE1082_050_31r,14,πληγαῖς
b_5553899179,3.EBE1082,EBE1082_069_49v,5,οἰ δούλοι
b_5553899179,3.EBE1082,EBE1082_059_40r,4,βοῶν
b_5553899179,3.EBE1082,EBE1082_070_50v,33,"πρᾶγμα| ὡς καὶ δράσαι τὸ πράξαι| λέγετ(αι) (δὲ) 
 δράμα| κ(αὶ) τὸ ὑπὸ τῶν θεατρικῶν μϊμητικῶς γινόμε"
b_5553899179,3.EBE1082,EBE1082_067_48r,16,παρελήλυθ(εν)
b_5553899179,3.EBE1082,EBE1082_058_39r,16,κοιλία| νηδύς
b_5553899179,3.EBE1082,EBE1082_062_42v,16,ὁ θυλυμανὴς ἀνήρ
b_5553899179,3.EBE1082,EBE1082_068_49r,13,εύγενής
b_5553899179,3.EBE1082,EBE1082_056_37r,11,μικρὸς| ὁλίγος
b_5553899179,3.EBE1082,EBE1082_063_43v,10,διακόπτων
b_5553899179,3.EBE1082,EBE1082_064_45r,16,βλέπει
b_5553899179,3.EBE1082,EBE1082_069_49v,1,κεχωρισμ(έν)ο(ς)
b_5553899179,3.EBE1082,EBE1082_051_32r,2,τὸ ἰλὼδες| κ(αὶ) συρφετόν
b_5553899179,3.EBE1082,EBE1082_055_35v,7,η ὁρμή| ἡ ῥύμη
b_5553899179,3.EBE1082,EBE1082_064_45r,6,βλασφημῶν
b_5553899179,3.EBE1082,EBE1082_064_44v,24,ὑπὸ τετάγμ(ε)θ(α)
b_5553899179,3.EBE1082,EBE1082_061_41v,4,κ(αὶ) ἡ θεωρία τ(ῆς) ἁγί(ας) τριάδος
b_5553899179,3.EBE1082,EBE1082_067_48r,29,μέτρ(ον) πηχ(ῶν) διακοσί(ων)
b_5553899179,3.EBE1082,EBE1082_069_49v,13,ψηφίσματα| κρίσεις
b_5553899179,3.EBE1082,EBE1082_068_49r,29,ἀπεκρούετο
b_5553899179,3.EBE1082,EBE1082_062_42v,23,ὄρνεον μέγα
b_5553899179,3.EBE1082,EBE1082_064_44v,10,κεκρυμμένα
b_5553899179,3.EBE1082,EBE1082_060_40v,21,φιδολός
b_5553899179,3.EBE1082,EBE1082_055_36r,13,ὁ βάτραχος
b_5553899179,3.EBE1082,EBE1082_061_42r,22,ἐξαριθμήσεις
b_5553899179,3.EBE1082,EBE1082_063_44r,12,πινακίδι(ον)| σχεδάριον
b_5553899179,3.EBE1082,EBE1082_066_46v,24,ἀποτυχεῖν
b_5553899179,3.EBE1082,EBE1082_057_38r,4,"προχεόμ(ενον)| καὶ τὸ ἐκ τ(ῆς) θα
 λάσσης| ἀχυρωδῶς ἐκφερόμ(ενον)"
b_5553899179,3.EBE1082,EBE1082_062_43r,26,φαίνει| λάμπει
b_5553899179,3.EBE1082,EBE1082_055_35v,14,ἡ ζωή| κόσμος
b_5553899179,3.EBE1082,EBE1082_068_48v,29,διαμερίσασθαι κούρση
b_5553899179,3.EBE1082,EBE1082_065_45v,19,φάρμακον
b_5553899179,3.EBE1082,EBE1082_050_30v,17,καύχημα
b_5553899179,3.EBE1082,EBE1082_065_46r,16,διορίζεται
b_5553899179,3.EBE1082,EBE1082_059_40r,13,γεγεννημένος
b_5553899179,3.EBE1082,EBE1082_067_48r,19,[[ὅθ(εν) ἐκπορεύεται]] πλατέως
b_5553899179,3.EBE1082,EBE1082_056_37r,22,μογγϊλάλος
b_5553899179,3.EBE1082,EBE1082_055_36r,4,βλαβερόν
b_5553899179,3.EBE1082,EBE1082_066_46v,11,ὁ τοὺς λόγους διάγω(ν)
b_5553899179,3.EBE1082,EBE1082_069_50r,2,τὰ μεγάλα ἄρμενα
b_5553899179,3.EBE1082,EBE1082_056_37r,14,σύντομ(ον)| μικρόν
b_5553899179,3.EBE1082,EBE1082_057_37v,12,ὁ ἑκατόχειρ θεός
b_5553899179,3.EBE1082,EBE1082_050_30v,1,ὁ δι’ ἑαυτοῦ εργαζόμ(εν)ο(ς)
b_5553899179,3.EBE1082,EBE1082_062_42v,4,τὸ κερδαίνω
b_5553899179,3.EBE1082,EBE1082_067_48r,5,ἀντὶ τοῦ ἀφῆκ(εν)
b_5553899179,3.EBE1082,EBE1082_067_48r,25,ἔνοπλοι εἰς πόλεμ(ον)
b_5553899179,3.EBE1082,EBE1082_059_40r,27,φωνή
b_5553899179,3.EBE1082,EBE1082_059_40r,5,βρέχει
b_5553899179,3.EBE1082,EBE1082_055_35v,16,στάζει
b_5553899179,3.EBE1082,EBE1082_053_34r,16,βασιλέως
b_5553899179,3.EBE1082,EBE1082_057_37v,13,λέοντο(ς)| χρεῖται φωνή
b_5553899179,3.EBE1082,EBE1082_064_44v,8,ἐπίπλουν
b_5553899179,3.EBE1082,EBE1082_049_30r,14,πνοὴ λεπτή
b_5553899179,3.EBE1082,EBE1082_069_50r,13,καλάμια
b_5553899179,3.EBE1082,EBE1082_057_37v,17,τὸ τ(ῆς) ἀγχόν(ης) σχοινίον
b_5553899179,3.EBE1082,EBE1082_061_42r,6,λιτανεύσω
b_5553899179,3.EBE1082,EBE1082_057_37v,6,εἴδωλον| ἄγαλμα| ξόανον
b_5553899179,3.EBE1082,EBE1082_057_37v,23,"ὁ ὑπὸ πνεύματο(ς) ἐν τ(οῖς) νέφε
 σιν γινομ(έν)η ἔκρηξις"
b_5553899179,3.EBE1082,EBE1082_049_30r,20,ἱκανῶς ἐξαρκῶν
b_5553899179,3.EBE1082,EBE1082_053_33v,17,ἰδιωτεία| ἀλογία
b_5553899179,3.EBE1082,EBE1082_065_46r,2,δωρεὰν ἐργάζομαι
b_5553899179,3.EBE1082,EBE1082_069_50r,3,ὁ κατάσκοπος
b_5553899179,3.EBE1082,EBE1082_056_36v,10,βύμα| ὑψηλόν
b_5553899179,3.EBE1082,EBE1082_059_40r,3,τὸ γεώργιον
b_5553899179,3.EBE1082,EBE1082_063_43v,23,ἀντὶ τοῦ ὦ μακάριε
b_5553899179,3.EBE1082,EBE1082_055_36r,14,ὄργανον μουσικόν
b_5553899179,3.EBE1082,EBE1082_070_50v,11,τὸ ἄριστον
b_5553899179,3.EBE1082,EBE1082_063_44r,3,ταῖς τοῦ δεσπότου
b_5553899179,3.EBE1082,EBE1082_065_45v,24,λυπήσω
b_5553899179,3.EBE1082,EBE1082_051_31v,17,ἄγνοια| μωρία
b_5553899179,3.EBE1082,EBE1082_065_46r,18,ἐν συντόμω
b_5553899179,3.EBE1082,EBE1082_049_30r,5,ὁ ἐπιμήκ(ης) τὸμὴ| τ(ὴς) γ(ὴς) ἐξ ἀρότρου
b_5553899179,3.EBE1082,EBE1082_050_31r,26,ἀρχίθυρα τοῦ ἱπποδρόμου
b_5553899179,3.EBE1082,EBE1082_054_34v,25,ἔζησα
b_5553899179,3.EBE1082,EBE1082_052_32v,22,θαυμαστικῆ φωνῆ
b_5553899179,3.EBE1082,EBE1082_050_31r,6,ἥλεκτον
b_5553899179,3.EBE1082,EBE1082_059_39v,4,ὁ καταγέλαστος
b_5553899179,3.EBE1082,EBE1082_051_32r,12,ἀπορία| πενία
b_5553899179,3.EBE1082,EBE1082_054_35r,27,ὁ περὶ τὴν φάρυγγα νόσο
b_5553899179,3.EBE1082,EBE1082_070_50v,32,μετα δρόμου
b_5553899179,3.EBE1082,EBE1082_065_46r,3,ἀψικευόμ(εν)ο(ς)
b_5553899179,3.EBE1082,EBE1082_054_34v,16,ἀμέλγει
b_5553899179,3.EBE1082,EBE1082_053_33v,16,"πὰς τεχνίτης δια
 χειρ(ῶν) μοχθ(ῶν)| δια πυρό(ς)| βάνο(ς)| ἢ κάμινος"
b_5553899179,3.EBE1082,EBE1082_066_46v,18,ὑπερτίθεσθαι
b_5553899179,3.EBE1082,EBE1082_052_33r,9,στολὴ ἱερά
b_5553899179,3.EBE1082,EBE1082_064_45r,21,ἡ τῶν δίκην
b_5553899179,3.EBE1082,EBE1082_059_40r,7,θεήσομαι
b_5553899179,3.EBE1082,EBE1082_068_49r,12,θέατρον
b_5553899179,3.EBE1082,EBE1082_056_37r,17,ὁ παρὰ τ(ῶν) βραβευτῶν διδόμ(ενον) στέφος
b_5553899179,3.EBE1082,EBE1082_066_46v,9,τιμωρήσεται
b_5553899179,3.EBE1082,EBE1082_053_34r,8,ἄθλιος
b_5553899179,3.EBE1082,EBE1082_070_50v,3,χωρηγός| πάροχο(ς)
b_5553899179,3.EBE1082,EBE1082_056_36v,9,βοῶν νομεύς
b_5553899179,3.EBE1082,EBE1082_056_36v,7,ὁκνεῖ| βοθρεύω| σκάπτω
b_5553899179,3.EBE1082,EBE1082_070_50v,8,τὸ ἄριστον
b_5553899179,3.EBE1082,EBE1082_066_46v,12,διατεθήσομαι
b_5553899179,3.EBE1082,EBE1082_069_50r,17,"δὲ ἡ ὄντως ἔπαινος | ἔπαινός
 τις ἀλήθεια<ῆς>| ἐάπλαστος τ(οῖς) ἀξί(οις) πρέπω(ν)$
δόξα! τὸ λογικὸν"
b_5553899179,3.EBE1082,EBE1082_070_50v,2,σπιθαμήν
b_5553899179,3.EBE1082,EBE1082_070_50v,20,ξιφιφόρος
b_5553899179,3.EBE1082,EBE1082_054_35r,11,σατᾶν| βέμβιξ| βροχός
b_5553899179,3.EBE1082,EBE1082_067_48r,13,κέκρικα
b_5553899179,3.EBE1082,EBE1082_068_48v,16,διελεύσομαι
b_5553899179,3.EBE1082,EBE1082_064_44v,11,δόσξης κοσμούμενο(ν)
b_5553899179,3.EBE1082,EBE1082_061_41v,6,γινώσκω ἱστορῶ
b_5553899179,3.EBE1082,EBE1082_067_48r,3,διέρχομαι
b_5553899179,3.EBE1082,EBE1082_066_46v,23,διάστημα
b_5553899179,3.EBE1082,EBE1082_068_49r,6,ἀπολλύει
b_5553899179,3.EBE1082,EBE1082_054_35r,14,δεξιὰς υἱός
b_5553899179,3.EBE1082,EBE1082_052_33r,15,θεμέλιον
b_5553899179,3.EBE1082,EBE1082_065_45v,25,ἀφανίζει| πορθεῖ
b_5553899179,3.EBE1082,EBE1082_050_31r,18,κωλυθείη
b_5553899179,3.EBE1082,EBE1082_051_31v,5,! ἔλευσις| παρουσία
b_5553899179,3.EBE1082,EBE1082_069_50r,20,ὑπονοῆσαι
b_5553899179,3.EBE1082,EBE1082_056_37r,19,διανέμει
b_5553899179,3.EBE1082,EBE1082_058_39r,19,ὁ περι γαστέρα ἀκρατής
b_5553899179,3.EBE1082,EBE1082_058_39r,1,ὄνομα τόπου πρὸ(ς) ἑσπέραν
b_5553899179,3.EBE1082,EBE1082_051_32r,6,ἀνανοίκτω| ἀφθεγγῆ
b_5553899179,3.EBE1082,EBE1082_050_30v,22,ῥυπῶντες
b_5553899179,3.EBE1082,EBE1082_056_37r,10,μόσχος
b_5553899179,3.EBE1082,EBE1082_065_46r,4,παίζειν
b_5553899179,3.EBE1082,EBE1082_055_35v,11,τὸ ἀγγεῖ(ον) καὶ τὸ σπέρμα
b_5553899179,3.EBE1082,EBE1082_050_30v,4,προδοτικῶς
b_5553899179,3.EBE1082,EBE1082_069_50r,6,δολίως
b_5553899179,3.EBE1082,EBE1082_066_47r,12,κεντᾶται| σουβλίζεται
b_5553899179,3.EBE1082,EBE1082_069_49v,4,πέπρακεν
b_5553899179,3.EBE1082,EBE1082_068_48v,17,διαδραμόντες
b_5553899179,3.EBE1082,EBE1082_056_36v,26,ἡγεμών
b_5553899179,3.EBE1082,EBE1082_049_30r,9,βλέψ
b_5553899179,3.EBE1082,EBE1082_066_47r,15,λαμπρὸφανείς
b_5553899179,3.EBE1082,EBE1082_069_49v,12,διστάζει
b_5553899179,3.EBE1082,EBE1082_068_49r,22,τὸ ἤμισυ τῆς (σελήνης)
b_5553899179,3.EBE1082,EBE1082_061_42r,25,"ὅτε γράφονται διὰ
 τὸ τυπούσθαι| γραμμαῖς κ(αὶ) ξυσμαῖς|
 στοιχεία δὲ ὅτε ἀναγινώσκοντ(αι)"
b_5553899179,3.EBE1082,EBE1082_058_38v,9,"τόπο(ς) κ(α)τ(ὰ) τὴν ἑσπέρα(ν)
 ἀποτελεύτησις τῆς θαλάσσας"
b_5553899179,3.EBE1082,EBE1082_061_41v,18,ὁ γοργόφθαλμος
b_5553899179,3.EBE1082,EBE1082_060_41r,3,ἡ κόρη τοῦ ὀφθαλφοῦ
b_5553899179,3.EBE1082,EBE1082_059_40r,8,χλευάζων
b_5553899179,3.EBE1082,EBE1082_052_33r,7,μέγα
b_5553899179,3.EBE1082,EBE1082_054_35r,19,ἀπὸ βηθλεέμ
b_5553899179,3.EBE1082,EBE1082_055_35v,19,ἐπινέμησις| τετραετίαν
b_5553899179,3.EBE1082,EBE1082_064_45r,11,αἱμοποτεῖν
b_5553899179,3.EBE1082,EBE1082_067_48r,20,διἐξέρχεται
b_5553899179,3.EBE1082,EBE1082_058_38v,19,ὑπομάζιον
b_5553899179,3.EBE1082,EBE1082_068_49r,4,κάτοπτρον
b_5553899179,3.EBE1082,EBE1082_063_44r,22,εὐαπόδεκτον
b_5553899179,3.EBE1082,EBE1082_065_45v,16,φιλονι<ει>κία| μάχη
b_5553899179,3.EBE1082,EBE1082_059_40r,17,μήτηρ| γένο(ς)| φυσις
b_5553899179,3.EBE1082,EBE1082_069_49v,24,ἐπὶτηρεῖ
b_5553899179,3.EBE1082,EBE1082_069_50r,11,οἰκοδομή
b_5553899179,3.EBE1082,EBE1082_067_47v,5,διαχωρίζων
b_5553899179,3.EBE1082,EBE1082_057_37v,2,"ἐφύμνιο(ν)
 αριστοφάνου| ἐν βατράχοις"
b_5553899179,3.EBE1082,EBE1082_060_41r,7,βαλάντιον
b_5553899179,3.EBE1082,EBE1082_050_31r,1,καθιερῶσαι
b_5553899179,3.EBE1082,EBE1082_065_46r,5,μήπουθεν
b_5553899179,3.EBE1082,EBE1082_059_40r,14,πλησιόχωροι
b_5553899179,3.EBE1082,EBE1082_062_43r,18,πολύσκιος
b_5553899179,3.EBE1082,EBE1082_069_50r,21,ὁ δεῖπνος
b_5553899179,3.EBE1082,EBE1082_059_39v,23,τὰ μέλη
b_5553899179,3.EBE1082,EBE1082_059_40r,22,πηλώδης
b_5553899179,3.EBE1082,EBE1082_056_36v,19,ποιμένες
b_5553899179,3.EBE1082,EBE1082_052_33r,28,μαινόμ(εν)οι| ὀρχούμ(εν)οι| κ(αὶ) πᾶν παίγνιον
b_5553899179,3.EBE1082,EBE1082_054_34v,13,δυσοσμία
b_5553899179,3.EBE1082,EBE1082_064_45r,9,δεινῶς ἔχει
b_5553899179,3.EBE1082,EBE1082_050_30v,14,αὐτόματοι παραγίνοντ(αι)
b_5553899179,3.EBE1082,EBE1082_069_50r,27,τὴν τῆς αἰχμαλωσί(ας) ἡμέρ(αν)
b_5553899179,3.EBE1082,EBE1082_056_37r,24,πέτραι
b_5553899179,3.EBE1082,EBE1082_064_44v,5,δείξαντας
b_5553899179,3.EBE1082,EBE1082_064_45r,14,εὐπαιδεύτως
b_5553899179,3.EBE1082,EBE1082_051_32r,15,βαστάζοντας
b_5553899179,3.EBE1082,EBE1082_064_44v,28,εφύρακεν
b_5553899179,3.EBE1082,EBE1082_066_47r,27,διαφθαρεῖναι
b_5553899179,3.EBE1082,EBE1082_069_50r,25,λόγχαι| κοντάρια
b_5553899179,3.EBE1082,EBE1082_065_46r,10,ὡς δή
b_5553899179,3.EBE1082,EBE1082_061_41v,15,κυρτός
b_5553899179,3.EBE1082,EBE1082_065_46r,25,διαφεύγεται
b_5553899179,3.EBE1082,EBE1082_060_40v,1,τὴν συγκλεισμένην
b_5553899179,3.EBE1082,EBE1082_070_50v,10,δουλικ(ὸν)
b_5553899179,3.EBE1082,EBE1082_049_30r,21,αὐτοδέσποτος
b_5553899179,3.EBE1082,EBE1082_061_42r,2,γονάτων
b_5553899179,3.EBE1082,EBE1082_051_31v,3,ταπεινός
b_5553899179,3.EBE1082,EBE1082_066_47r,18,στεφάνη
b_5553899179,3.EBE1082,EBE1082_056_37r,12,ὁ μὴ ἀγχίνους
b_5553899179,3.EBE1082,EBE1082_053_33v,22,παρατόν(ον) διάλεκτο(ς) σεσολοισκιμ(έν)η
b_5553899179,3.EBE1082,EBE1082_054_35r,25,ὁ λίθος τοῦ δικαστηρίου
b_5553899179,3.EBE1082,EBE1082_052_32v,24,λάλος| φλύαρος
b_5553899179,3.EBE1082,EBE1082_068_48v,28,συστροφή
b_5553899179,3.EBE1082,EBE1082_059_40r,19,ὁ τὰς τιμὰς ἐπιφέρω(ν)
b_5553899179,3.EBE1082,EBE1082_052_33r,5,σύγχυσις
b_5553899179,3.EBE1082,EBE1082_067_47v,27,χευάζω
b_5553899179,3.EBE1082,EBE1082_056_36v,15,ἡ τροφή
b_5553899179,3.EBE1082,EBE1082_054_35r,12,παρακρούεται
b_5553899179,3.EBE1082,EBE1082_069_50r,22,"αἰχμάλωτος ἀπὸ πολέμου <ὑπὸ δό
					ρατος λη
					φθείς| τὸ γ(ὰρ) δόρυ αἰχμὴ λέγετ(αι)"
b_5553899179,3.EBE1082,EBE1082_059_39v,28,ἀνδρικ(ῶς) γενναῖος
b_5553899179,3.EBE1082,EBE1082_062_42v,25,ἡ ξιφοθήκ(η) τ(ῶν) τόξων
b_5553899179,3.EBE1082,EBE1082_061_42r,17,ὁ χοῖρος
b_5553899179,3.EBE1082,EBE1082_052_32v,6,καμάρα
b_5553899179,3.EBE1082,EBE1082_068_49r,1,"ἐκ τοῦ μὴ συμφωνεῖν τὰ λεγόμενα$>
δίναι! κύματα τῶν ὑδάτων"
b_5553899179,3.EBE1082,EBE1082_058_39r,12,ἀνὴρ τῆς θυγατρὸς κ(αὶ) τ(ῆς) ἀδελφ(ῆς)
b_5553899179,3.EBE1082,EBE1082_066_47r,4,διαδοῦναι
b_5553899179,3.EBE1082,EBE1082_059_39v,14,"ὁ δι’ ἑαυτοῦ ἐπιφοι
 τῶσα τοῦ θανόντος μνήμη"
b_5553899179,3.EBE1082,EBE1082_052_33r,29,ἐξηχευομ(έν)η| ἐξεστηκυῖα
b_5553899179,3.EBE1082,EBE1082_056_36v,20,ὁ μεγαλόφθαλμος
b_5553899179,3.EBE1082,EBE1082_058_39r,6,ἐπικαμπεῖς ἔχ(ων) τ(οὺς) ὄνυχας
b_5553899179,3.EBE1082,EBE1082_056_37r,18,διοἰκητής
b_5553899179,3.EBE1082,EBE1082_067_47v,11,ὁξύτερον
b_5553899179,3.EBE1082,EBE1082_062_43r,23,τὰ ἅγια τ(ῶν) ἁγί(ων) ὁνομάζει
b_5553899179,3.EBE1082,EBE1082_050_31r,9,ψηλαφᾶν
b_5553899179,3.EBE1082,EBE1082_069_49v,15,"τὸ μὴ ὂν| νομιζόμεν(ον) δε ὅ ἐ
 στιν φαντασία| σκιᾶ| ὄναρ"
b_5553899179,3.EBE1082,EBE1082_067_47v,16,ἀ<μ>φιβάλλων
b_5553899179,3.EBE1082,EBE1082_050_30v,24,τρίχωσις
b_5553899179,3.EBE1082,EBE1082_052_33r,3,ὀρχιστής| λάλος
b_5553899179,3.EBE1082,EBE1082_054_34v,15,μϊσητῶς| ἀκολάστως
b_5553899179,3.EBE1082,EBE1082_063_43v,19,τὸ τύπτω| δέρω τὸ ἐκδέρω ψιλ(όν)
b_5553899179,3.EBE1082,EBE1082_069_50r,23,ὁπλοφόρος
b_5553899179,3.EBE1082,EBE1082_068_48v,19,παρα ρωμαίοις βασιλεὺς καλούμ(εν)ο(ς)
b_5553899179,3.EBE1082,EBE1082_063_44r,5,ὁ συνέχων περιτραχήλιος
b_5553899179,3.EBE1082,EBE1082_065_45v,7,ὁ πολυχρόνιος
b_5553899179,3.EBE1082,EBE1082_057_38r,23,πατεῶνες
b_5553899179,3.EBE1082,EBE1082_062_43r,24,λαμπάδα
b_5553899179,3.EBE1082,EBE1082_059_40r,10,τιμᾶν δοξάζειν
b_5553899179,3.EBE1082,EBE1082_061_42r,20,ἐπισκευαι
b_5553899179,3.EBE1082,EBE1082_061_41v,3,"ἡ τῶν κατειλημμένω(ν)|
 περίεργος| συγκατάθεσις| ὡς
 ὁ ρωμαίων ἔλεγχος"
b_5553899179,3.EBE1082,EBE1082_059_39v,11,ποίησις| γένος
b_5553899179,3.EBE1082,EBE1082_056_37r,15,δαμασκηνά
b_5553899179,3.EBE1082,EBE1082_059_40r,25,ὁ γεωργός
b_5553899179,3.EBE1082,EBE1082_060_40v,24,θήκη λειψάν(ων)
b_5553899179,3.EBE1082,EBE1082_065_46r,8,ἀντὶ τοῦ νῦν
b_5553899179,3.EBE1082,EBE1082_051_32r,24,βαθυτάτη
b_5553899179,3.EBE1082,EBE1082_059_39v,6,ὁ τὴν γὴν δεσπόζων
b_5553899179,3.EBE1082,EBE1082_054_35r,7,"<εἴδωλ(ον)> βέελ ὁ κρόνο(ς)| φεγὼρ ὁ τόπο(ς) <ἐ
	ν ὧ ἐτιμᾶτο"
b_5553899179,3.EBE1082,EBE1082_052_33r,20,βότρυς
b_5553899179,3.EBE1082,EBE1082_053_34r,6,λυπεῖται
b_5553899179,3.EBE1082,EBE1082_066_47r,10,τελειώσας
b_5553899179,3.EBE1082,EBE1082_063_43v,9,ρέειν δάκρυα
b_5553899179,3.EBE1082,EBE1082_056_36v,24,ὁ ἐπιτεταγμ(έν)ο(ς) λιμός
b_5553899179,3.EBE1082,EBE1082_052_33r,10,βαίνω| πορεύομαι
b_5553899179,3.EBE1082,EBE1082_050_31r,19,ἐάσας| ἐλευθερία
b_5553899179,3.EBE1082,EBE1082_065_45v,27,εὑρήσεται
b_5553899179,3.EBE1082,EBE1082_055_35v,18,ἱμάτιον| ῥωμαϊκόν
b_5553899179,3.EBE1082,EBE1082_063_44r,13,οἱ μεγάλοι χοῖροι
b_5553899179,3.EBE1082,EBE1082_049_30r,6,θύρα| πυλῶν
b_5553899179,3.EBE1082,EBE1082_062_42v,3,τὸ κερδαίνω
b_5553899179,3.EBE1082,EBE1082_050_30v,20,ξηρασία
b_5553899179,3.EBE1082,EBE1082_066_46v,7,"ἅ ἐστιν εὐκίνητα κ(αὶ) τα
 χὺ μεταβάλλον| οἶ(ον) θερμότ(ης)| καὶ ψύξϊς"
b_5553899179,3.EBE1082,EBE1082_057_37v,11,μεγαλοφώνος
b_5553899179,3.EBE1082,EBE1082_057_38r,14,"σκυτοτόμος| πα
 ρὰ τὸ τὰς βύρσας| ἀπαλύνειν"
b_5553899179,3.EBE1082,EBE1082_064_45r,15,ἀντὶ τοῦ ἕως τούτου
b_5553899179,3.EBE1082,EBE1082_069_50r,10,μακροτράχηλος
b_5553899179,3.EBE1082,EBE1082_062_43r,25,λαμπαδηφόρος
b_5553899179,3.EBE1082,EBE1082_062_43r,4,τοῦ π(ατ)ρ(ό)ς
b_5553899179,3.EBE1082,EBE1082_065_46r,11,σπάραγμα ὀδόντων
b_5553899179,3.EBE1082,EBE1082_059_39v,7,ὁ ἔντιμος
b_5553899179,3.EBE1082,EBE1082_057_38r,13,ἡ σάλπιγξ
b_5553899179,3.EBE1082,EBE1082_061_41v,8,ἤτοι γνωμολογϊκῶς
b_5553899179,3.EBE1082,EBE1082_068_49r,5,διαφέρομαι
b_5553899179,3.EBE1082,EBE1082_053_33v,8,ποικίλον
b_5553899179,3.EBE1082,EBE1082_058_38v,4,ἡ τρέφουσα τοὺς ἄνδρας
b_5553899179,3.EBE1082,EBE1082_050_31r,24,ψηλάφησις| ἢ χείρ
b_5553899179,3.EBE1082,EBE1082_051_31v,14,ἀβάστακτον| δεινόν
b_5553899179,3.EBE1082,EBE1082_058_39r,11,ὁ παρασκευάζων τ(ὸν) γάμ(ον)
b_5553899179,3.EBE1082,EBE1082_054_35r,4,ἀπέθανεν
b_5553899179,3.EBE1082,EBE1082_053_33v,12,διστάζει
b_5553899179,3.EBE1082,EBE1082_056_37r,1,ὀ ὄνος
b_5553899179,3.EBE1082,EBE1082_059_40r,16,πατὴρ πρόγονος
b_5553899179,3.EBE1082,EBE1082_060_40v,22,ἀπαλόψυχος
b_5553899179,3.EBE1082,EBE1082_067_48r,1,λαμπρ(ὸν)| καθαρ(όν)
b_5553899179,3.EBE1082,EBE1082_060_41r,1,εἶδος βοτάνης
b_5553899179,3.EBE1082,EBE1082_068_48v,9,πᾶσ(αν) ἐποίησ(εν) τ(ὴν) ἡμέρ(αν)
b_5553899179,3.EBE1082,EBE1082_053_34r,5,πρόβατον
b_5553899179,3.EBE1082,EBE1082_068_48v,27,οἱκέται λεπροί
b_5553899179,3.EBE1082,EBE1082_068_49r,9,οἰκονόμος
b_5553899179,3.EBE1082,EBE1082_049_30r,8,κοιμᾶται
b_5553899179,3.EBE1082,EBE1082_057_38r,24,τέμενος| ἱερόν
b_5553899179,3.EBE1082,EBE1082_054_35r,13,εἶδος ἰχθῦος
b_5553899179,3.EBE1082,EBE1082_067_47v,9,διαίρειν
b_5553899179,3.EBE1082,EBE1082_057_38r,20,ὁρμᾶν
b_5553899179,3.EBE1082,EBE1082_054_34v,22,πεφραγμένως
b_5553899179,3.EBE1082,EBE1082_058_38v,10,ἔπαρξις| θησαυρός
b_5553899179,3.EBE1082,EBE1082_056_36v,1,ὁ τ(ῶν) μελισσ(ῶν) ἦχος
b_5553899179,3.EBE1082,EBE1082_050_30v,11,αὐτόριζον
b_5553899179,3.EBE1082,EBE1082_052_32v,12,ὁ παρακαιρ(ὸν) ἀρπασθείς
b_5553899179,3.EBE1082,EBE1082_060_40v,11,τὰ τῶν γιγάντων φρονεῖ
b_5553899179,3.EBE1082,EBE1082_058_38v,11,γῆ| ἤπειρος| χέρσος
b_5553899179,3.EBE1082,EBE1082_062_42v,7,νηφάλεος
b_5553899179,3.EBE1082,EBE1082_067_47v,24,χαυνοῦσθαι
b_5553899179,3.EBE1082,EBE1082_054_34v,9,μασθός
b_5553899179,3.EBE1082,EBE1082_061_41v,14,ἐπιθετικός
b_5553899179,3.EBE1082,EBE1082_067_47v,6,διαπορευομένους
b_5553899179,3.EBE1082,EBE1082_063_44r,16,ἀποδοχή
b_5553899179,3.EBE1082,EBE1082_068_48v,1,ἐμάχοντο
b_5553899179,3.EBE1082,EBE1082_053_34r,10,πολύτιμος
b_5553899179,3.EBE1082,EBE1082_057_38r,21,γῆ ξηρὰ| ἄρου
b_5553899179,3.EBE1082,EBE1082_061_42r,5,προσκυνήσαι
b_5553899179,3.EBE1082,EBE1082_054_35r,26,κιβωτός
b_5553899179,3.EBE1082,EBE1082_060_41r,4,ἡ φλυαρία
b_5553899179,3.EBE1082,EBE1082_069_50r,9,μακρὸν ἢ μ(έ)γ(αν) κύκλον
b_5553899179,3.EBE1082,EBE1082_054_34v,12,μϊσητός
b_5553899179,3.EBE1082,EBE1082_065_45v,8,ὁ κατήγορος
b_5553899179,3.EBE1082,EBE1082_064_44v,7,πεπραγμ(έν)ο(ς)
b_5553899179,3.EBE1082,EBE1082_064_45r,7,εἰς δρεῖς καταδύεσθαι
b_5553899179,3.EBE1082,EBE1082_067_47v,25,διαφονεύει
b_5553899179,3.EBE1082,EBE1082_067_48r,17,ὅθεν ἐκπορεύεται
b_5553899179,3.EBE1082,EBE1082_058_39r,18,"ὄρεξις γαστρός| ἐπὶ πληθ(ει)
 βρωμάτων| ἀκρατῶς μαινομένη"
b_5553899179,3.EBE1082,EBE1082_053_33v,2,"μέγας μὲν| ἀνόητος δὲ κ(αὶ)
 γυναικώδης| χωρὶς αἰδοίων"
b_5553899179,3.EBE1082,EBE1082_067_47v,2,ταράσσει
b_5553899179,3.EBE1082,EBE1082_065_46r,24,ἐπαγκῶνος| καθίσ(ας)
b_5553899179,3.EBE1082,EBE1082_063_43v,8,δαμασθέντες
b_5553899179,3.EBE1082,EBE1082_053_33v,5,τὰ κάγγελα
b_5553899179,3.EBE1082,EBE1082_059_39v,27,"ὁ ἐκ καταδίκης τοῦ θανά
 του δια τὴν παράβασιν| ἐξ ἀλλήλω(ν)
 διαδοχῆ| ἤ ἐστι κ(αὶ) παθητή| κ(αὶ) ἁμ"
b_5553899179,3.EBE1082,EBE1082_053_33v,1,κλέπτης
b_5553899179,3.EBE1082,EBE1082_064_44v,4,ἐπιτραχήλϊος κόσμο(ς)
b_5553899179,3.EBE1082,EBE1082_060_40v,6,τὰ τῶν κινάρων ἄνθη
b_5553899179,3.EBE1082,EBE1082_059_40r,24,"ὁ ἐκ γῆς ἔχων τὴν γέννησι(ν)|
 ἢ ὁ τὰ γήϊνα ἐργαζόμενος"
b_5553899179,3.EBE1082,EBE1082_056_37r,4,τὸ ἴδιον
b_5553899179,3.EBE1082,EBE1082_049_30r,12,φάραγγες
b_5553899179,3.EBE1082,EBE1082_062_42v,11,κύκλος| στρογγύλος
b_5553899179,3.EBE1082,EBE1082_064_45r,4,ἀποδέρων τὸ αἰδοῖον
b_5553899179,3.EBE1082,EBE1082_050_31r,25,ἄεχεις
b_5553899179,3.EBE1082,EBE1082_059_40r,26,ἐνάστημα ὑψηλόν
b_5553899179,3.EBE1082,EBE1082_053_34r,20,"ἡ τ(ῆς) ἁγί(ας) τριάδος γνώσις|
 καὶ ἡ τοῦ ἁγίου πν(εύματο)ς συμμαχία"
b_5553899179,3.EBE1082,EBE1082_058_38v,22,ἤσυχος| ἥμερος
b_5553899179,3.EBE1082,EBE1082_069_50r,1,εἰς ἄνδρ(ας) εγραφείς
b_5553899179,3.EBE1082,EBE1082_054_35r,21,ὁ τῆς θύρας βαθμός
b_5553899179,3.EBE1082,EBE1082_064_44v,19,βρέχω
b_5553899179,3.EBE1082,EBE1082_069_49v,22,νομίζει| οἴεται
b_5553899179,3.EBE1082,EBE1082_052_32v,17,ὑφαίνειν
b_5553899179,3.EBE1082,EBE1082_055_35v,12,τοῦ τὀξου ἡ νευρά
b_5553899179,3.EBE1082,EBE1082_067_47v,15,ὁ ἀγών
b_5553899179,3.EBE1082,EBE1082_056_37r,7,ἀντὶ τοῦ βουληθείς
b_5553899179,3.EBE1082,EBE1082_059_40r,20,γέρων κ(αὶ) πρεσβύτης
b_5553899179,3.EBE1082,EBE1082_054_34v,14,μϊσάττεσθαι
b_5553899179,3.EBE1082,EBE1082_063_44r,19,ὁ φόβος
b_5553899179,3.EBE1082,EBE1082_053_34r,18,"ἁπάντων τῶν ὑ
 πὸ θ(εο)ῦ| γεγονότων γνώσις"
b_5553899179,3.EBE1082,EBE1082_051_31v,12,ἀναχώρησις
b_5553899179,3.EBE1082,EBE1082_050_31r,7,τὸ ἐκ πυρίτου λίθου
b_5553899179,3.EBE1082,EBE1082_070_50v,18,κρατήσας
b_5553899179,3.EBE1082,EBE1082_054_34v,1,βάσιμ(ον)| ἐν ὧ τίς ἐπιβαίν(ειν) δύνατ(αι)
b_5553899179,3.EBE1082,EBE1082_069_50r,7,λουβί(ον)| φασοῦλιν
b_5553899179,3.EBE1082,EBE1082_068_49r,16,ἀπιστεῖ
b_5553899179,3.EBE1082,EBE1082_050_30v,8,παραχρῆμα| αὐθήμερ(ον)
b_5553899179,3.EBE1082,EBE1082_055_36r,17,ὕδατα βρύει
b_5553899179,3.EBE1082,EBE1082_053_33v,4,περίεργος
b_5553899179,3.EBE1082,EBE1082_060_40v,14,τὸ γνωρίζω
b_5553899179,3.EBE1082,EBE1082_050_31r,15,ἀπολελυμ(έν)ο(ς)
b_5553899179,3.EBE1082,EBE1082_057_38r,22,τέμενος| ἱερόν
b_5553899179,3.EBE1082,EBE1082_069_49v,11,ἡ δια τ(ῶν) χειρ(ῶν) κίνησις
b_5553899179,3.EBE1082,EBE1082_067_48r,23,ἐθυμοῦντο| <ετριζον>
b_5553899179,3.EBE1082,EBE1082_066_47r,6,μέγας| διαβόητος
b_5553899179,3.EBE1082,EBE1082_066_47r,5,ἀγρυπνοῦντες
b_5553899179,3.EBE1082,EBE1082_055_35v,22,ζησάτω
b_5553899179,3.EBE1082,EBE1082_069_50r,12,τὰ δωρήματα
b_5553899179,3.EBE1082,EBE1082_060_40v,4,ἡ γρᾶς
b_5553899179,3.EBE1082,EBE1082_063_44r,8,ἀποδοχεῖς
b_5553899179,3.EBE1082,EBE1082_069_49v,20,ὁ οἰηματί(ας) ἥτοι ὁ κενόδοξος
b_5553899179,3.EBE1082,EBE1082_051_32r,10,ὁ ἐν ἅδη ποταμός
b_5553899179,3.EBE1082,EBE1082_065_46r,23,παραλευομένους
b_5553899179,3.EBE1082,EBE1082_063_43v,20,ἡ πτισάνη
b_5553899179,3.EBE1082,EBE1082_052_32v,7,ἀποτυχεῖν
b_5553899179,3.EBE1082,EBE1082_058_39r,9,ὁμόζυγο(ς)| σύζυγος
b_5553899179,3.EBE1082,EBE1082_061_42r,11,ταπεινὲ γραμματικέ
b_5553899179,3.EBE1082,EBE1082_068_49r,14,τὸ δικίνητον
b_5553899179,3.EBE1082,EBE1082_061_41v,5,διακρίνειν
b_5553899179,3.EBE1082,EBE1082_066_46v,3,"ἡ ποιὰ| τῶν προς τι τῆς ψυ
 χῆς ἔμμονος κίνησις"
b_5553899179,3.EBE1082,EBE1082_053_33v,23,βραδύστατος
b_5553899179,3.EBE1082,EBE1082_056_36v,18,βόσκησις| τροφή
b_5553899179,3.EBE1082,EBE1082_067_47v,18,ἐξαιρέτως
b_5553899179,3.EBE1082,EBE1082_070_50v,29,οἱ οἰκέται
b_5553899179,3.EBE1082,EBE1082_052_32v,2,ἀπαθής
b_5553899179,3.EBE1082,EBE1082_055_35v,1,τὸ φρέαρ παρὰ τοῖς φοίνιξιν
b_5553899179,3.EBE1082,EBE1082_065_46r,28,μέγας διαβόητος
b_5553899179,3.EBE1082,EBE1082_055_36r,21,χλωρά| ἀπαλά
b_5553899179,3.EBE1082,EBE1082_057_37v,18,ἀνθρωποκτόνος
b_5553899179,3.EBE1082,EBE1082_050_30v,21,καυχώμεθα
b_5553899179,3.EBE1082,EBE1082_061_42r,8,υἱὸς γνήσιος
b_5553899179,3.EBE1082,EBE1082_052_33r,21,μαινάς| πόρνη
b_5553899179,3.EBE1082,EBE1082_062_42v,10,χρυσοφύλακες
b_5553899179,3.EBE1082,EBE1082_066_47r,7,ἐπίσημος
b_5553899179,3.EBE1082,EBE1082_054_35r,23,ἴχνος| βάδισμα
b_5553899179,3.EBE1082,EBE1082_057_37v,19,ὁ διόνυσος βρότος
b_5553899179,3.EBE1082,EBE1082_051_32r,11,δυσφορῶν
b_5553899179,3.EBE1082,EBE1082_064_45r,22,στρουθοί
b_5553899179,3.EBE1082,EBE1082_067_48r,18,ὅθεν ἐκπορεύεται
b_5553899179,3.EBE1082,EBE1082_058_39r,2,ἡ νυμφίτζα
b_5553899179,3.EBE1082,EBE1082_053_33v,24,κιθάρα| ἢ ψαλτήρι(ον)
b_5553899179,3.EBE1082,EBE1082_069_49v,21,μωρόσοφος
b_5553899179,3.EBE1082,EBE1082_055_35v,20,τὰ πιστάκια
b_5553899179,3.EBE1082,EBE1082_055_36r,7,αἱ τρίχες τ(ῶν) ὀφθαλμ(ῶν)
b_5553899179,3.EBE1082,EBE1082_067_47v,23,ἀποδρᾶς
b_5553899179,3.EBE1082,EBE1082_067_48r,14,κομήσαντες
b_5553899179,3.EBE1082,EBE1082_063_44r,25,ἐκφοβῶν
b_5553899179,3.EBE1082,EBE1082_057_38r,15,παρὰ τῶ δέρω| ἐκδέρω
b_5553899179,3.EBE1082,EBE1082_068_48v,7,φθάνον
b_5553899179,3.EBE1082,EBE1082_058_39r,13,χαίρω
b_5553899179,3.EBE1082,EBE1082_068_48v,11,ὑπέμειναν
b_5553899179,3.EBE1082,EBE1082_051_31v,20,βλάβη τ(ῶν) καρπ(ῶν) τ(ῆς) γ(ῆς)
b_5553899179,3.EBE1082,EBE1082_062_43r,17,ἀνδράδελφος
b_5553899179,3.EBE1082,EBE1082_055_36r,24,ὁ βοηθός
b_5553899179,3.EBE1082,EBE1082_058_39r,8,ἡ γνάφος| ἢ σιαγών
b_5553899179,3.EBE1082,EBE1082_063_44r,17,τὸ σῶμα
b_5553899179,3.EBE1082,EBE1082_062_43r,20,ὁ διόνυσος
b_5553899179,3.EBE1082,EBE1082_052_33r,6,δήμοτρος
b_5553899179,3.EBE1082,EBE1082_067_47v,22,διάκρισις
b_5553899179,3.EBE1082,EBE1082_060_40v,18,βόθρος| λάκκος
b_5553899179,3.EBE1082,EBE1082_056_37r,6,ἀπατήσας
b_5553899179,3.EBE1082,EBE1082_052_32v,13,ἀπρεπές| ἀχαρές
b_5553899179,3.EBE1082,EBE1082_054_35r,17,οἱ ἀνόητοι
b_5553899179,3.EBE1082,EBE1082_068_48v,5,ζητούμ(εν)ο(ς)
b_5553899179,3.EBE1082,EBE1082_058_39r,5,γαμικός
b_5553899179,3.EBE1082,EBE1082_060_40v,15,γνώθϊ| ἐπίγνωθι
b_5553899179,3.EBE1082,EBE1082_055_36r,6,σκανδάλια
b_5553899179,3.EBE1082,EBE1082_066_47r,24,φανερῶς
b_5553899179,3.EBE1082,EBE1082_059_39v,22,γένεια
b_5553899179,3.EBE1082,EBE1082_052_32v,18,ὁ μὴ ἔχων ὦτα
b_5553899179,3.EBE1082,EBE1082_069_50r,5,δόλια φρονῶν
b_5553899179,3.EBE1082,EBE1082_070_50v,27,τρυγηθῆναι
b_5553899179,3.EBE1082,EBE1082_063_43v,13,θάλασσα
b_5553899179,3.EBE1082,EBE1082_049_30r,1,πάραυτα
b_5553899179,3.EBE1082,EBE1082_054_35r,9,κάλλιον
b_5553899179,3.EBE1082,EBE1082_065_46r,20,διαδράμει
b_5553899179,3.EBE1082,EBE1082_057_37v,25,ὁγκοῦσθαι
b_5553899179,3.EBE1082,EBE1082_061_41v,10,ὁ πλάνος| ὁ μάγος
b_5553899179,3.EBE1082,EBE1082_053_34r,13,δοκιμασία
b_5553899179,3.EBE1082,EBE1082_066_46v,4,σχῆμα| ἀγάπην
b_5553899179,3.EBE1082,EBE1082_070_50v,4,ὄργανον ἔμψυχον
b_5553899179,3.EBE1082,EBE1082_057_38r,9,ἐπάπειρος
b_5553899179,3.EBE1082,EBE1082_063_43v,18,ποικίλος
b_5553899179,3.EBE1082,EBE1082_055_36r,15,φύλλον συκῆς
b_5553899179,3.EBE1082,EBE1082_061_42r,14,ὁ βυρσεύς
b_5553899179,3.EBE1082,EBE1082_068_48v,14,κυβερνῶν
b_5553899179,3.EBE1082,EBE1082_059_39v,29,"ἡ ἡμέρα τ(ῆς) γεννήσες| ἡ κατ’ ἔ
	τος ἑορτή"
b_5553899179,3.EBE1082,EBE1082_057_37v,4,μεγαλοφώνως ἀδέτω
b_5553899179,3.EBE1082,EBE1082_051_32r,5,μέτρον περσικόν
b_5553899179,3.EBE1082,EBE1082_057_37v,3,πρὸς ῥήσσεται| ἦχεῖ| ἀπειλεῖ
b_5553899179,3.EBE1082,EBE1082_058_39r,23,ἐπαίρεται καυχᾶται
b_5553899179,3.EBE1082,EBE1082_068_49r,8,ἐξ οὐ(ρα)νοῦ κατερχό(μενον)
b_5553899179,3.EBE1082,EBE1082_068_48v,21,ἡ ἐκεῖθ(εν) κόλασις
b_5553899179,3.EBE1082,EBE1082_064_45r,24,ὁ τοῦ δήμου ἄρχων
b_5553899179,3.EBE1082,EBE1082_067_47v,19,διαψηφίζειν
b_5553899179,3.EBE1082,EBE1082_067_48r,9,δια μωρίαν
b_5553899179,3.EBE1082,EBE1082_068_48v,2,ἀπάχει
b_5553899179,3.EBE1082,EBE1082_065_46r,19,ὁ διαγινώσκων
b_5553899179,3.EBE1082,EBE1082_066_47r,17,λυπηθείς
b_5553899179,3.EBE1082,EBE1082_053_34r,1,υἱὸς λύπης| ἑβραϊστί
b_5553899179,3.EBE1082,EBE1082_064_45r,17,χρή
b_5553899179,3.EBE1082,EBE1082_069_50r,18,τὸ λογικὸν μέρος τῆς ψυχῆς
b_5553899179,3.EBE1082,EBE1082_069_50r,14,ἡ ταραχή
b_5553899179,3.EBE1082,EBE1082_058_39r,4,ἀποκάλυψις
b_5553899179,3.EBE1082,EBE1082_064_44v,16,εἰσῆλθεν
b_5553899179,3.EBE1082,EBE1082_054_34v,19,ἀσφαλῆ| ἀμετάβλητ(ον)
b_5553899179,3.EBE1082,EBE1082_066_47r,11,διερωτά
b_5553899179,3.EBE1082,EBE1082_068_49r,23,σχίσματα
b_5553899179,3.EBE1082,EBE1082_054_34v,10,ὑλακτεῖ
b_5553899179,3.EBE1082,EBE1082_066_46v,22,διαπαλαίσας
b_5553899179,3.EBE1082,EBE1082_063_44r,23,τὸ ἄριστον
b_5553899179,3.EBE1082,EBE1082_061_41v,9,καρδία| δεσμά
b_5553899179,3.EBE1082,EBE1082_050_30v,13,μὴ ἐπίπλαστ(ον) ἔχο(ν) κάλλο(ς)$
b_5553899179,3.EBE1082,EBE1082_055_36r,3,γέννημα
b_5553899179,3.EBE1082,EBE1082_056_36v,5,ἀκόντιον
b_5553899179,3.EBE1082,EBE1082_051_32r,7,γϋνή
b_5553899179,3.EBE1082,EBE1082_059_39v,9,ὁ ὑπὸνόμο(ς)| δι’ οὗ τὰ ὕδατα φέρεται
b_5553899179,3.EBE1082,EBE1082_060_41r,2,πετειν(ὸν) νυχτεριν(ὸν)| ἢ κουκουβαΐα
b_5553899179,3.EBE1082,EBE1082_065_46r,17,περιέχεται
b_5553899179,3.EBE1082,EBE1082_055_35v,4,ἐπορεύθη
b_5553899179,3.EBE1082,EBE1082_066_46v,14,διαθρύπτων
b_5553899179,3.EBE1082,EBE1082_062_43r,9,ὁ τοῦ οἶκου
b_5553899179,3.EBE1082,EBE1082_052_33r,23,μαινόμενοι
b_5553899179,3.EBE1082,EBE1082_059_39v,1,ὁ γεωργός
b_5553899179,3.EBE1082,EBE1082_064_44v,22,λοιδορεῖν
b_5553899179,3.EBE1082,EBE1082_053_33v,13,ὁδὸς| στράτα
b_5553899179,3.EBE1082,EBE1082_050_31r,2,ἀσθενεστέροις
b_5553899179,3.EBE1082,EBE1082_049_30r,16,ξηρός
b_5553899179,3.EBE1082,EBE1082_053_34r,19,"ἀπάθεια ψυχ(ῆς) μετα
 γνώσεως τ(ῶν) ὄντων ἀληθ(οὺς)| ἡ ἐλλαμψις τ(ο)ῦ ἁγ(ίου) πν(εύματο)ς"
b_5553899179,3.EBE1082,EBE1082_058_38v,1,λέγεται ἡ φλιαρία
b_5553899179,3.EBE1082,EBE1082_051_31v,6,παραγίνεται
b_5553899179,3.EBE1082,EBE1082_069_50r,8,περιοδεύουσιν
b_5553899179,3.EBE1082,EBE1082_066_47r,2,νοημάτων! διακριτικὴ δύναμις
b_5553899179,3.EBE1082,EBE1082_057_38r,12,ὄργανον μουσικ(όν)
b_5553899179,3.EBE1082,EBE1082_055_35v,13,ἡ οὐσία τῶν κτησμάτων| καὶ τὸ ζῆν
b_5553899179,3.EBE1082,EBE1082_052_32v,16,ἤρτητο| ἐκρέμματο
b_5553899179,3.EBE1082,EBE1082_065_45v,9,ἐλεεινός
b_5553899179,3.EBE1082,EBE1082_063_43v,5,τὰ ξηρὰ ξύλα
b_5553899179,3.EBE1082,EBE1082_057_37v,9,δυνατὸς| ἰσχυρός
b_5553899179,3.EBE1082,EBE1082_070_50v,15,φυγεῖν
b_5553899179,3.EBE1082,EBE1082_063_43v,24,θ(ε)ῶ ὄμοιος
b_5553899179,3.EBE1082,EBE1082_050_30v,15,σύνεγγυς| αὐτίκα
b_5553899179,3.EBE1082,EBE1082_067_47v,12,διατεμεῖν
b_5553899179,3.EBE1082,EBE1082_054_35r,16,βάθος
b_5553899179,3.EBE1082,EBE1082_065_45v,1,ὁ τὰ δημόσια ἐσθίω(ν)
b_5553899179,3.EBE1082,EBE1082_070_50v,16,ἀπόκρισις| συσκευῆ
b_5553899179,3.EBE1082,EBE1082_053_34r,24,πορεύου| ὕπαγε
b_5553899179,3.EBE1082,EBE1082_049_30r,24,παραχρῆμα
b_5553899179,3.EBE1082,EBE1082_067_47v,26,χαρά| τέρψις
b_5553899179,3.EBE1082,EBE1082_059_39v,32,τὰ κρομμίδια
b_5553899179,3.EBE1082,EBE1082_068_49r,15,διπλωμ(έν)η χλαμύδα
b_5553899179,3.EBE1082,EBE1082_052_33r,18,θεῖος ναός| ἢ τόπο(ς)
b_5553899179,3.EBE1082,EBE1082_065_45v,13,ἡ μάχη
b_5553899179,3.EBE1082,EBE1082_067_47v,17,μὴ συμφωνοῦντ(ας)
b_5553899179,3.EBE1082,EBE1082_054_34v,20,ἔστηκεν| ἐπέπικτο
b_5553899179,3.EBE1082,EBE1082_061_42r,15,ὁ ὑβριστής
b_5553899179,3.EBE1082,EBE1082_069_50r,16,"ὁ παρα πολλ(ῶν) ἔπαινος | ἢ γνώσις
 κατά περάτωσιν| διανοί(ας) ἐπιγινομένη"
b_5553899179,3.EBE1082,EBE1082_066_46v,10,διεμερίζετο
b_5553899179,3.EBE1082,EBE1082_061_42r,21,μῆκος ἀπλατές
b_5553899179,3.EBE1082,EBE1082_056_37r,5,τὸ δημόσιον
b_5553899179,3.EBE1082,EBE1082_067_48r,8,διαμερίσασθαι
b_5553899179,3.EBE1082,EBE1082_068_48v,15,δϊερχόμ(εν)ο(ς)
b_5553899179,3.EBE1082,EBE1082_053_33v,14,ἱμάτια
b_5553899179,3.EBE1082,EBE1082_054_35r,1,τροχός
b_5553899179,3.EBE1082,EBE1082_055_35v,17,πέδηλα| ὑποδήματα
b_5553899179,3.EBE1082,EBE1082_063_43v,21,μεριστῶς
b_5553899179,3.EBE1082,EBE1082_066_46v,19,διασείσει
b_5553899179,3.EBE1082,EBE1082_055_35v,2,ἔνδυμα μοναχικόν
b_5553899179,3.EBE1082,EBE1082_059_39v,13,ἡλικία νῦν
b_5553899179,3.EBE1082,EBE1082_067_47v,13,φιλονικεῖν
b_5553899179,3.EBE1082,EBE1082_051_31v,16,πρόφασις| αἰτία
b_5553899179,3.EBE1082,EBE1082_062_42v,12,μαλακός| γυναικώδης
b_5553899179,3.EBE1082,EBE1082_062_43r,22,οἱ ἔλλην(ες) ἀπὸ δαναοῦ βασιλέως
b_5553899179,3.EBE1082,EBE1082_063_43v,4,τὸ ἔδαφος| ἡ γῆ
b_5553899179,3.EBE1082,EBE1082_061_42r,4,ἀντὶ τοῦ μεταστρέφειν
b_5553899179,3.EBE1082,EBE1082_058_39r,26,ἄκρ(ον) τείχους ἢ στεφάνωμα οἴκου
b_5553899179,3.EBE1082,EBE1082_068_48v,13,διαχωρίζεται
b_5553899179,3.EBE1082,EBE1082_064_45r,3,πυρᾶν
b_5553899179,3.EBE1082,EBE1082_061_41v,13,γονάτων
b_5553899179,3.EBE1082,EBE1082_066_47r,1,διόλου| διὰ παντός
b_5553899179,3.EBE1082,EBE1082_064_45r,10,διηγείρετο
b_5553899179,3.EBE1082,EBE1082_055_35v,8,τὸ βαίνω
b_5553899179,3.EBE1082,EBE1082_052_32v,3,ἀπροσπέλαστο(ν)
b_5553899179,3.EBE1082,EBE1082_070_50v,23,θεράποντ(ες)|διάκονοι
b_5553899179,3.EBE1082,EBE1082_055_35v,5,διαβαίνοντα
b_5553899179,3.EBE1082,EBE1082_055_35v,3,πορεύσεται
b_5553899179,3.EBE1082,EBE1082_050_30v,18,σεμνολογήματα
b_5553899179,3.EBE1082,EBE1082_065_45v,4,ὁράσεις| ἐνύπνια
b_5553899179,3.EBE1082,EBE1082_065_46r,13,τὰ ἐκ λογισμ(ῶν) ἀτόπ(ων) πταίσμ(α)τ(α)
b_5553899179,3.EBE1082,EBE1082_056_36v,2,λάκκος
b_5553899179,3.EBE1082,EBE1082_050_31r,22,ὑπεστέρησαν
b_5553899179,3.EBE1082,EBE1082_053_34r,4,ὑβριστικὰς| φονικάς
b_5553899179,3.EBE1082,EBE1082_051_31v,10,ἄφθαρτον| ἄγηρον
b_5553899179,3.EBE1082,EBE1082_053_34r,9,ἀσύνετος
b_5553899179,3.EBE1082,EBE1082_066_46v,2,παίδευσις καὶ τὸ σχολί(ον)
b_5553899179,3.EBE1082,EBE1082_056_36v,27,ὁ μέγα ἐπὶ τῆ βοή
b_5553899179,3.EBE1082,EBE1082_052_33r,11,περιπατήσω
b_5553899179,3.EBE1082,EBE1082_056_36v,6,ὁ δρόσος| καὶ τὸ δίκτυον
b_5553899179,3.EBE1082,EBE1082_050_30v,16,ὁμοί(ως)| ματαίως
b_5553899179,3.EBE1082,EBE1082_055_36r,19,ἄγριος
b_5553899179,3.EBE1082,EBE1082_050_30v,5,αὐτὸς| ἑαυτὸν προσέχ(ων)$
b_5553899179,3.EBE1082,EBE1082_062_42v,2,κοιλάναι
b_5553899179,3.EBE1082,EBE1082_050_31r,12,ἀνάθημα δῶρον
b_5553899179,3.EBE1082,EBE1082_067_47v,3,διαμερισμός
b_5553899179,3.EBE1082,EBE1082_052_33r,26,ἀγνοοῦσι
b_5553899179,3.EBE1082,EBE1082_068_48v,20,ὁ πᾶσ(αν) ἱσότητα τοῖς ὀμοεἰδέσι παρέχω(ν)$
b_5553899179,3.EBE1082,EBE1082_063_44r,2,"ἀπο δαίμονο(ς) ἐ
[[μονανας κατέχεεθαι]] λαύνεται"
b_5553899179,3.EBE1082,EBE1082_056_36v,22,πλόκαμοι| <τρίχες κλοσμ(έν)αι>
b_5553899179,3.EBE1082,EBE1082_061_42r,19,ἔγκλημα ἐξ οὗ κ(αὶ) γράφεται| ἤτοι κατηγορεῖτ(αι)
b_5553899179,3.EBE1082,EBE1082_052_32v,15,ὁ φαλακρός
b_5553899179,3.EBE1082,EBE1082_067_48r,22,ἐσφάλην| <απέθαν(εν)>
b_5553899179,3.EBE1082,EBE1082_054_34v,6,ἡ κάμινο(ς)| φοῦρνος
b_5553899179,3.EBE1082,EBE1082_050_31r,17,εὔκολος
b_5553899179,3.EBE1082,EBE1082_059_40r,21,διαβάθρα
b_5553899179,3.EBE1082,EBE1082_066_47r,21,χαυνοῦσθαι
b_5553899179,3.EBE1082,EBE1082_059_39v,24,ἀμοιβὴ| τιμή
b_5553899179,3.EBE1082,EBE1082_056_37r,8,μεγάλη| ὀδύνη
b_5553899179,3.EBE1082,EBE1082_062_42v,19,κυνήγια| λουτρά
b_5553899179,3.EBE1082,EBE1082_063_43v,6,"φθαρτῆς φύσεως| ἰδίω
 μα ὅπερ ὁ ἀδάμ πρὸ τῆς παρα
 κοῆς οὐκ εκέκτητο"
b_5553899179,3.EBE1082,EBE1082_062_42v,1,κράξαι
b_5553899179,3.EBE1082,EBE1082_053_33v,7,διακονῆσαι
b_5553899179,3.EBE1082,EBE1082_068_48v,23,τὸ δικέφαλον
b_5553899179,3.EBE1082,EBE1082_050_30v,7,ναὺς| ἢ σκάφος
b_5553899179,3.EBE1082,EBE1082_053_33v,11,ἔβαλας| ἔτρωσ(ας)
b_5553899179,3.EBE1082,EBE1082_059_40r,18,πατὴρ| καὶ τοκεύς
b_5553899179,3.EBE1082,EBE1082_051_31v,15,ἀποβλέποντες
b_5553899179,3.EBE1082,EBE1082_052_33r,19,οἶκος θ(εο)ῦ
b_5553899179,3.EBE1082,EBE1082_064_45r,5,ἐξαπατήσας
b_5553899179,3.EBE1082,EBE1082_049_30r,4,τὸ τῆς σκηνῆς| παραπέτασμα
b_5553899179,3.EBE1082,EBE1082_067_48r,24,ἐρμήνευσαν
b_5553899179,3.EBE1082,EBE1082_068_49r,28,διἐβεβαιοῦτο
b_5553899179,3.EBE1082,EBE1082_060_40v,12,τὸ ἔνδον τῆς σταφυλῆς
b_5553899179,3.EBE1082,EBE1082_058_38v,20,γαλακτοτροφοῦσα
b_5553899179,3.EBE1082,EBE1082_049_30r,11,ἐν αὐλῶνι διάγειν
b_5553899179,3.EBE1082,EBE1082_070_50v,19,ἡ παλάμη
b_5553899179,3.EBE1082,EBE1082_052_33r,25,δρέπανον
b_5553899179,3.EBE1082,EBE1082_070_50v,26,τρυγόντες| θερίζοντ(ες)
b_5553899179,3.EBE1082,EBE1082_063_44r,20,συνετὰ| ἀριστερὰ (δὲ) τὰ μωρά
b_5553899179,3.EBE1082,EBE1082_062_43r,15,λαμπάς
b_5553899179,3.EBE1082,EBE1082_070_50v,5,τ(ὴν) τῆς αἰχμαλωσί(ας) ἡμέρ(αν)
b_5553899179,3.EBE1082,EBE1082_064_45r,23,οἱ μακρόβιοι
b_5553899179,3.EBE1082,EBE1082_067_47v,4,σκορπίζεται
b_5553899179,3.EBE1082,EBE1082_060_41r,5,τὸ γάλα
b_5553899179,3.EBE1082,EBE1082_068_48v,22,κρίσεις ἀληθινάς
b_5553899179,3.EBE1082,EBE1082_063_43v,1,γυνῆ| γαμετῆ
b_5553899179,3.EBE1082,EBE1082_064_44v,6,ἐνεδρεύων
b_5553899179,3.EBE1082,EBE1082_052_33r,14,λέγει
b_5553899179,3.EBE1082,EBE1082_055_36r,20,ὁ ψωμός
b_5553899179,3.EBE1082,EBE1082_060_40v,17,γίνου| ἔσο
b_5553899179,3.EBE1082,EBE1082_065_45v,21,ἀσχημονέστερον
b_5553899179,3.EBE1082,EBE1082_054_35r,18,ἔθνος| σκυθικόν
b_5553899179,3.EBE1082,EBE1082_052_32v,11,ἡρέμα| ἡσύχως
b_5553899179,3.EBE1082,EBE1082_049_30r,25,τέλειος
b_5553899179,3.EBE1082,EBE1082_051_31v,1,ἀπτὸ σκιρτῆσαι
b_5553899179,3.EBE1082,EBE1082_057_38r,11,ἡ κωστ(αντίνου) πόλις
b_5553899179,3.EBE1082,EBE1082_051_31v,18,! ὁ μὴ συγγένει(αν) ἔχω(ν)
b_5553899179,3.EBE1082,EBE1082_065_46r,14,διαπερᾶ
b_5553899179,3.EBE1082,EBE1082_056_36v,17,βρωτικ(ὸν) ὀξύτατον
b_5553899179,3.EBE1082,EBE1082_056_36v,23,πρόβατα
b_5553899179,3.EBE1082,EBE1082_065_45v,26,τὸ βραδύνω
b_5553899179,3.EBE1082,EBE1082_066_46v,20,διακόψαι
b_5553899179,3.EBE1082,EBE1082_056_36v,4,αὐλιτὴς| παίζων
b_5553899179,3.EBE1082,EBE1082_052_33r,27,δεσμωτήριος
b_5553899179,3.EBE1082,EBE1082_065_45v,22,τὸ ἐνιαύσιον
b_5553899179,3.EBE1082,EBE1082_051_32r,17,ἀγένειος
b_5553899179,3.EBE1082,EBE1082_069_49v,16,οἴεται| νομίζει
b_5553899179,3.EBE1082,EBE1082_057_38r,16,δράξουσι
b_5553899179,3.EBE1082,EBE1082_051_32r,14,βαροῦμαι
b_5553899179,3.EBE1082,EBE1082_055_35v,6,"ἐπιστολή| καὶ ἡ γνώσις αὐτὴ|
 καὶ ἄληστο(ς) μνύμη"
b_5553899179,3.EBE1082,EBE1082_054_35r,6,ἀνοητότατε
b_5553899179,3.EBE1082,EBE1082_057_37v,14,ἐσθίω
b_5553899179,3.EBE1082,EBE1082_051_31v,21,ἀμεριμνεῖ
b_5553899179,3.EBE1082,EBE1082_064_44v,27,οἰκοδομοίην
b_5553899179,3.EBE1082,EBE1082_057_38r,6,τὰ βροῦλλα
b_5553899179,3.EBE1082,EBE1082_051_32r,18,τυπούμ(εν)ο(ς)$
b_5553899179,3.EBE1082,EBE1082_068_48v,10,πέπλασται
